arm,scope,stage,kernel,calls,milliseconds_per_round
old,drafter,Drafter,Cijk_Alik_Bljk_BBS_BH_Bias_HA_S_SAV_UserArgs_MT16x16x32_MI16x16x1_SN_LDSB1_AFC1_AG0_AGGSUA0_AGNTAB0_AFEM1_AFEM1_ASEM1_CD1_1_CLR0_CLS0_CADS0_DTLA0_DTLB0_DTLM0_DTVA0_DTVB1_DTVMXSA0_DTVMXSB0_DTVSM0_DPLB0_EPS0_ELFLR0_EMLLn1_FDSI0_GRPM1_GRVWA8_GRVWB8_GSUAMB_GLS0_HPLR0_ISA1201_ICIW0_IU1_K1_LDSTI0_LBSPPA128_LBSPPB0_LBSPPMXSA0_LBSPPMXSB0_LBSPPM0_LPA16_LPB0_LPMXSA0_LPMXSB0_LPM0_LRVW8_LWPMn1_MIAV1_MIWT1_1_MXLIBL_MXSFNS_MO40_MGRIPM1_NTn1_NTA0_NTB0_NTC0_NTD0_NTE0_NTMXSA0_NTMXSB0_NTM0_NTWS0_NVn1_NVA0_NVB0_NVC0_NVD0_NVE0_NVMXSA0_NVMXSB0_NVM0_NVWS0_NEPBS0_NLCA1_NLCB2_ONLL1_PAP0_PGL0_PGR1_PLR1_PKA0_SGROB0_SIA3_SS0_SPO0_SRVW0_SSO0_SVW8_SK0_SKFTR0_SKFDPO0_SKXCCM0_SNLL0_SIP1_SGRO0_TDMI0_TDMIM0_TDMS0_TIN0_THn1_THA0_THB0_THC0_THD0_THE0_THMXSA0_THMXSB0_THM0_THWS0_TLDS1_TLDSM1_ULSGRO0_USL1_USLMX0_UIOFGRO0_UPLRP0_USFGROn1_USI0_VSn1_VWA1_VWB1_WSGRA0_WSGRB0_WS32_WG16_2_1.kd,6,0.0071456666666666665
fixed,drafter,Drafter,Cijk_Alik_Bljk_BBS_BH_Bias_HA_S_SAV_UserArgs_MT16x16x32_MI16x16x1_SN_LDSB1_AFC1_AG0_AGGSUA0_AGNTAB0_AFEM1_AFEM1_ASEM1_CD1_1_CLR0_CLS0_CADS0_DTLA0_DTLB0_DTLM0_DTVA0_DTVB1_DTVMXSA0_DTVMXSB0_DTVSM0_DPLB0_EPS0_ELFLR0_EMLLn1_FDSI0_GRPM1_GRVWA8_GRVWB8_GSUAMB_GLS0_HPLR0_ISA1201_ICIW0_IU1_K1_LDSTI0_LBSPPA128_LBSPPB0_LBSPPMXSA0_LBSPPMXSB0_LBSPPM0_LPA16_LPB0_LPMXSA0_LPMXSB0_LPM0_LRVW8_LWPMn1_MIAV1_MIWT1_1_MXLIBL_MXSFNS_MO40_MGRIPM1_NTn1_NTA0_NTB0_NTC0_NTD0_NTE0_NTMXSA0_NTMXSB0_NTM0_NTWS0_NVn1_NVA0_NVB0_NVC0_NVD0_NVE0_NVMXSA0_NVMXSB0_NVM0_NVWS0_NEPBS0_NLCA1_NLCB2_ONLL1_PAP0_PGL0_PGR1_PLR1_PKA0_SGROB0_SIA3_SS0_SPO0_SRVW0_SSO0_SVW8_SK0_SKFTR0_SKFDPO0_SKXCCM0_SNLL0_SIP1_SGRO0_TDMI0_TDMIM0_TDMS0_TIN0_THn1_THA0_THB0_THC0_THD0_THE0_THMXSA0_THMXSB0_THM0_THWS0_TLDS1_TLDSM1_ULSGRO0_USL1_USLMX0_UIOFGRO0_UPLRP0_USFGROn1_USI0_VSn1_VWA1_VWB1_WSGRA0_WSGRB0_WS32_WG16_2_1.kd,6,0.007072333333333333
old,drafter,Drafter,Cijk_Alik_Bljk_BBS_BH_Bias_HA_S_SAV_UserArgs_MT16x32x256_MI16x16x1_SN_LDSB0_AFC1_AG0_AGGSUA0_AGNTAB0_AFEM1_AFEM1_ASEM1_CD1_1_CLR1_CLS0_CADS0_DTLA0_DTLB0_DTLM0_DTVA0_DTVB1_DTVMXSA0_DTVMXSB0_DTVSM0_DPLB0_EPS1_ELFLR0_EMLLn1_FDSI0_GRPM1_GRVWA8_GRVWB8_GSUAMB_GLS0_HPLR0_ISA1201_ICIW0_IU1_K1_LDSTI0_LBSPPA512_LBSPPB0_LBSPPMXSA0_LBSPPMXSB0_LBSPPM0_LPA16_LPB0_LPMXSA0_LPMXSB0_LPM0_LRVW8_LWPMn1_MIAV1_MIWT1_1_MXLIBL_MXSFNS_MO40_MGRIPM1_NTn1_NTA0_NTB0_NTC0_NTD0_NTE0_NTMXSA0_NTMXSB0_NTM0_NTWS0_NVn1_NVA0_NVB0_NVC0_NVD0_NVE0_NVMXSA0_NVMXSB0_NVM0_NVWS0_NEPBS0_NLCA1_NLCB16_ONLL0_PAP0_PGL0_PGR1_PLR1_PKA0_SGROB0_SIA3_SS0_SPO0_SRVW0_SSO0_SVW8_SK0_SKFTR0_SKFDPO0_SKXCCM0_SNLL0_SIP1_SGRO0_TDMI0_TDMIM0_TDMS0_TIN0_THn1_THA0_THB0_THC0_THD0_THE0_THMXSA0_THMXSB0_THM0_THWS0_TLDS1_TLDSM1_ULSGRO0_USL1_USLMX0_UIOFGRO0_UPLRP0_USFGROn1_USI0_VSn1_VWA1_VWB1_WSGRA0_WSGRB0_WS32_WG16_4_1.kd,6,0.17649966666666667
fixed,drafter,Drafter,Cijk_Alik_Bljk_BBS_BH_Bias_HA_S_SAV_UserArgs_MT16x32x256_MI16x16x1_SN_LDSB0_AFC1_AG0_AGGSUA0_AGNTAB0_AFEM1_AFEM1_ASEM1_CD1_1_CLR1_CLS0_CADS0_DTLA0_DTLB0_DTLM0_DTVA0_DTVB1_DTVMXSA0_DTVMXSB0_DTVSM0_DPLB0_EPS1_ELFLR0_EMLLn1_FDSI0_GRPM1_GRVWA8_GRVWB8_GSUAMB_GLS0_HPLR0_ISA1201_ICIW0_IU1_K1_LDSTI0_LBSPPA512_LBSPPB0_LBSPPMXSA0_LBSPPMXSB0_LBSPPM0_LPA16_LPB0_LPMXSA0_LPMXSB0_LPM0_LRVW8_LWPMn1_MIAV1_MIWT1_1_MXLIBL_MXSFNS_MO40_MGRIPM1_NTn1_NTA0_NTB0_NTC0_NTD0_NTE0_NTMXSA0_NTMXSB0_NTM0_NTWS0_NVn1_NVA0_NVB0_NVC0_NVD0_NVE0_NVMXSA0_NVMXSB0_NVM0_NVWS0_NEPBS0_NLCA1_NLCB16_ONLL0_PAP0_PGL0_PGR1_PLR1_PKA0_SGROB0_SIA3_SS0_SPO0_SRVW0_SSO0_SVW8_SK0_SKFTR0_SKFDPO0_SKXCCM0_SNLL0_SIP1_SGRO0_TDMI0_TDMIM0_TDMS0_TIN0_THn1_THA0_THB0_THC0_THD0_THE0_THMXSA0_THMXSB0_THM0_THWS0_TLDS1_TLDSM1_ULSGRO0_USL1_USLMX0_UIOFGRO0_UPLRP0_USFGROn1_USI0_VSn1_VWA1_VWB1_WSGRA0_WSGRB0_WS32_WG16_4_1.kd,6,0.1766665
old,drafter,Drafter,__amd_rocclr_copyBuffer.kd,6,0.0022723333333333332
fixed,drafter,Drafter,__amd_rocclr_copyBuffer.kd,6,0.0018056666666666668
old,drafter,Drafter,__amd_rocclr_fillBufferAligned.kd,18,0.007076999999999999
fixed,drafter,Drafter,__amd_rocclr_fillBufferAligned.kd,18,0.006983666666666667
old,drafter,Drafter,_cache_draft_logits_kernel.kd,6,0.002359
fixed,drafter,Drafter,_cache_draft_logits_kernel.kd,6,0.0023923333333333336
old,drafter,Drafter,_draft_head_int2.kd,6,0.8522553333333335
fixed,drafter,Drafter,_draft_head_int2.kd,6,0.8264226666666666
old,drafter,Drafter,_gemm_a8w8_blockscale_preshuffle_kernel_GROUP_K_128_GROUP_N_128_BLOCK_SIZE_M_16_BLOCK_SIZE_N_128_BLOCK_SIZE_K_128_GROUP_SIZE_M_8_NUM_KSPLIT_1_SPLITK_BLOCK_SIZE_17408_EVEN_K_1_GRID_MN_40_cache_modifier_NONE.kd,30,0.7293041666666669
fixed,drafter,Drafter,_gemm_a8w8_blockscale_preshuffle_kernel_GROUP_K_128_GROUP_N_128_BLOCK_SIZE_M_16_BLOCK_SIZE_N_128_BLOCK_SIZE_K_128_GROUP_SIZE_M_8_NUM_KSPLIT_1_SPLITK_BLOCK_SIZE_17408_EVEN_K_1_GRID_MN_40_cache_modifier_NONE.kd,30,0.7320583333333335
old,drafter,Drafter,_gemm_a8w8_blockscale_preshuffle_kernel_GROUP_K_128_GROUP_N_128_BLOCK_SIZE_M_16_BLOCK_SIZE_N_128_BLOCK_SIZE_K_128_GROUP_SIZE_M_8_NUM_KSPLIT_1_SPLITK_BLOCK_SIZE_25600_EVEN_K_1_GRID_MN_40_cache_modifier_NONE.kd,6,0.21995966666666666
fixed,drafter,Drafter,_gemm_a8w8_blockscale_preshuffle_kernel_GROUP_K_128_GROUP_N_128_BLOCK_SIZE_M_16_BLOCK_SIZE_N_128_BLOCK_SIZE_K_128_GROUP_SIZE_M_8_NUM_KSPLIT_1_SPLITK_BLOCK_SIZE_25600_EVEN_K_1_GRID_MN_40_cache_modifier_NONE.kd,6,0.2288533333333333
old,drafter,Drafter,_gemm_a8w8_blockscale_preshuffle_kernel_GROUP_K_128_GROUP_N_128_BLOCK_SIZE_M_16_BLOCK_SIZE_N_128_BLOCK_SIZE_K_128_GROUP_SIZE_M_8_NUM_KSPLIT_1_SPLITK_BLOCK_SIZE_4096_EVEN_K_1_GRID_MN_40_cache_modifier_NONE.kd,30,0.20135566666666666
fixed,drafter,Drafter,_gemm_a8w8_blockscale_preshuffle_kernel_GROUP_K_128_GROUP_N_128_BLOCK_SIZE_M_16_BLOCK_SIZE_N_128_BLOCK_SIZE_K_128_GROUP_SIZE_M_8_NUM_KSPLIT_1_SPLITK_BLOCK_SIZE_4096_EVEN_K_1_GRID_MN_40_cache_modifier_NONE.kd,30,0.2027226666666666
old,drafter,Drafter,_gemm_a8w8_blockscale_preshuffle_kernel_GROUP_K_128_GROUP_N_128_BLOCK_SIZE_M_16_BLOCK_SIZE_N_128_BLOCK_SIZE_K_128_GROUP_SIZE_M_8_NUM_KSPLIT_1_SPLITK_BLOCK_SIZE_5120_EVEN_K_1_GRID_MN_272_cache_modifier_NONE.kd,30,1.4494731666666665
fixed,drafter,Drafter,_gemm_a8w8_blockscale_preshuffle_kernel_GROUP_K_128_GROUP_N_128_BLOCK_SIZE_M_16_BLOCK_SIZE_N_128_BLOCK_SIZE_K_128_GROUP_SIZE_M_8_NUM_KSPLIT_1_SPLITK_BLOCK_SIZE_5120_EVEN_K_1_GRID_MN_272_cache_modifier_NONE.kd,30,1.4477478333333331
old,drafter,Drafter,_gemm_a8w8_blockscale_preshuffle_kernel_GROUP_K_128_GROUP_N_128_BLOCK_SIZE_M_16_BLOCK_SIZE_N_128_BLOCK_SIZE_K_128_GROUP_SIZE_M_8_NUM_KSPLIT_1_SPLITK_BLOCK_SIZE_5120_EVEN_K_1_GRID_MN_48_cache_modifier_NONE.kd,30,0.27298266666666665
fixed,drafter,Drafter,_gemm_a8w8_blockscale_preshuffle_kernel_GROUP_K_128_GROUP_N_128_BLOCK_SIZE_M_16_BLOCK_SIZE_N_128_BLOCK_SIZE_K_128_GROUP_SIZE_M_8_NUM_KSPLIT_1_SPLITK_BLOCK_SIZE_5120_EVEN_K_1_GRID_MN_48_cache_modifier_NONE.kd,30,0.27356966666666666
old,drafter,Drafter,_prepare_dflash_inputs_kernel.kd,6,0.007412333333333333
fixed,drafter,Drafter,_prepare_dflash_inputs_kernel.kd,6,0.007879
old,drafter,Drafter,_rerank_exact.kd,6,0.009099166666666667
fixed,drafter,Drafter,_rerank_exact.kd,6,0.009065666666666666
old,drafter,Drafter,_selector_walk_kernel.kd,6,0.007892333333333335
fixed,drafter,Drafter,_selector_walk_kernel.kd,6,0.007965666666666666
old,drafter,Drafter,kernel_unified_attention.kd,30,1.8280208333333332
fixed,drafter,Drafter,kernel_unified_attention.kd,30,1.9047764999999997
old,drafter,Drafter,reshape_and_cache_kernel_flash.kd,60,0.025323499999999995
fixed,drafter,Drafter,reshape_and_cache_kernel_flash.kd,60,0.027496666666666666
old,drafter,Drafter,triton_per_fused_4.kd,6,0.0019190000000000001
fixed,drafter,Drafter,triton_per_fused_4.kd,6,0.002005666666666667
old,drafter,Drafter,triton_per_fused_9.kd,24,0.0076560000000000005
fixed,drafter,Drafter,triton_per_fused_9.kd,24,0.0076159999999999995
old,drafter,Drafter,triton_per_fused__to_copy_abs_clamp_div_max_preshuffle_gemm_squeeze_view_0.kd,30,0.008441666666666668
fixed,drafter,Drafter,triton_per_fused__to_copy_abs_clamp_div_max_preshuffle_gemm_squeeze_view_0.kd,30,0.009735
old,drafter,Drafter,triton_per_fused__to_copy_abs_clamp_div_max_preshuffle_gemm_squeeze_view_2.kd,6,0.0019323333333333336
fixed,drafter,Drafter,triton_per_fused__to_copy_abs_clamp_div_max_preshuffle_gemm_squeeze_view_2.kd,6,0.002052333333333333
old,drafter,Drafter,triton_per_fused__to_copy_abs_clamp_div_max_preshuffle_gemm_squeeze_view_4.kd,54,0.014324333333333335
fixed,drafter,Drafter,triton_per_fused__to_copy_abs_clamp_div_max_preshuffle_gemm_squeeze_view_4.kd,54,0.015504333333333328
old,drafter,Drafter,triton_per_fused__to_copy_abs_clamp_div_max_view_0.kd,6,0.003845666666666667
fixed,drafter,Drafter,triton_per_fused__to_copy_abs_clamp_div_max_view_0.kd,6,0.004205666666666667
old,drafter,Drafter,triton_poi_fused_0.kd,6,0.002559
fixed,drafter,Drafter,triton_poi_fused_0.kd,6,0.002585833333333333
old,drafter,Drafter,triton_poi_fused_10.kd,24,0.007676166666666667
fixed,drafter,Drafter,triton_poi_fused_10.kd,24,0.007962666666666667
old,drafter,Drafter,triton_poi_fused_5.kd,6,0.0020923333333333336
fixed,drafter,Drafter,triton_poi_fused_5.kd,6,0.0022656666666666667
old,drafter,Drafter,triton_poi_fused__to_copy_clamp_div_mul_preshuffle_gemm_silu_slice_squeeze_view_7.kd,30,0.01533516666666667
fixed,drafter,Drafter,triton_poi_fused__to_copy_clamp_div_mul_preshuffle_gemm_silu_slice_squeeze_view_7.kd,30,0.01578166666666667
old,drafter,Drafter,triton_poi_fused__to_copy_clamp_div_preshuffle_gemm_squeeze_view_1.kd,30,0.011568333333333337
fixed,drafter,Drafter,triton_poi_fused__to_copy_clamp_div_preshuffle_gemm_squeeze_view_1.kd,30,0.010574999999999998
old,drafter,Drafter,triton_poi_fused__to_copy_clamp_div_preshuffle_gemm_squeeze_view_3.kd,6,0.0020323333333333335
fixed,drafter,Drafter,triton_poi_fused__to_copy_clamp_div_preshuffle_gemm_squeeze_view_3.kd,6,0.0021923333333333335
old,drafter,Drafter,triton_poi_fused__to_copy_clamp_div_preshuffle_gemm_squeeze_view_5.kd,54,0.015617666666666667
fixed,drafter,Drafter,triton_poi_fused__to_copy_clamp_div_preshuffle_gemm_squeeze_view_5.kd,54,0.016697666666666663
old,drafter,Drafter,triton_poi_fused_add_arange_bitwise_and_constant_pad_nd_fused_add_rms_norm_ge_mul_select_slice_unsqueeze_view_3.kd,54,0.021044500000000008
fixed,drafter,Drafter,triton_poi_fused_add_arange_bitwise_and_constant_pad_nd_fused_add_rms_norm_ge_mul_select_slice_unsqueeze_view_3.kd,54,0.018737666666666666
old,drafter,Drafter,triton_poi_fused_add_arange_bitwise_and_constant_pad_nd_ge_mul_rms_norm_select_slice_unsqueeze_view_1.kd,6,0.0022456666666666666
fixed,drafter,Drafter,triton_poi_fused_add_arange_bitwise_and_constant_pad_nd_ge_mul_rms_norm_select_slice_unsqueeze_view_1.kd,6,0.0023723333333333335
old,drafter,Drafter,triton_poi_fused_add_permute_unsqueeze_view_2.kd,6,0.0018189999999999999
fixed,drafter,Drafter,triton_poi_fused_add_permute_unsqueeze_view_2.kd,6,0.0018856666666666668
old,drafter,Drafter,triton_poi_fused_cat_expand_index_mul_slice_unsqueeze_view_1.kd,6,0.002579
fixed,drafter,Drafter,triton_poi_fused_cat_expand_index_mul_slice_unsqueeze_view_1.kd,6,0.002519166666666667
old,drafter,Drafter,triton_red_fused__to_copy_abs_clamp_div_max_mul_preshuffle_gemm_silu_slice_squeeze_view_6.kd,30,0.013235000000000002
fixed,drafter,Drafter,triton_red_fused__to_copy_abs_clamp_div_max_mul_preshuffle_gemm_silu_slice_squeeze_view_6.kd,30,0.013421666666666669
old,drafter,Drafter,triton_red_fused__to_copy_add_arange_bitwise_and_constant_pad_nd_fused_add_rms_norm_ge_mul_select_slice_unsqueeze_view_w4_gemm_2.kd,30,0.030395166666666668
fixed,drafter,Drafter,triton_red_fused__to_copy_add_arange_bitwise_and_constant_pad_nd_fused_add_rms_norm_ge_mul_select_slice_unsqueeze_view_w4_gemm_2.kd,30,0.031108666666666666
old,drafter,Drafter,triton_red_fused__to_copy_add_arange_bitwise_and_constant_pad_nd_fused_add_rms_norm_ge_mul_select_slice_unsqueeze_view_w4_gemm_8.kd,24,0.025642666666666668
fixed,drafter,Drafter,triton_red_fused__to_copy_add_arange_bitwise_and_constant_pad_nd_fused_add_rms_norm_ge_mul_select_slice_unsqueeze_view_w4_gemm_8.kd,24,0.026495999999999995
old,drafter,Drafter,triton_red_fused__to_copy_embedding_mul_rms_norm_w4_gemm_0.kd,6,0.0037923333333333333
fixed,drafter,Drafter,triton_red_fused__to_copy_embedding_mul_rms_norm_w4_gemm_0.kd,6,0.0038590000000000005
old,drafter,Drafter,triton_red_fused_add_arange_bitwise_and_constant_pad_nd_fused_add_rms_norm_ge_mul_select_slice_unsqueeze_view_8.kd,6,0.006652333333333335
fixed,drafter,Drafter,triton_red_fused_add_arange_bitwise_and_constant_pad_nd_fused_add_rms_norm_ge_mul_select_slice_unsqueeze_view_8.kd,6,0.006765666666666667
old,drafter,Drafter,"void at::native::(anonymous namespace)::CatArrayBatchedCopy_contig<at::native::(anonymous namespace)::OpaqueType<2u>, unsigned int, 2, 128, 1>(at::native::(anonymous namespace)::OpaqueType<2u>*, at::native::(anonymous namespace)::CatArrInputTensorMetadata<at::native::(anonymous namespace)::OpaqueType<2u>, unsigned int, 128, 1>, at::native::(anonymous namespace)::TensorSizeStride<unsigned int, 4u>, int, unsigned int) [clone .kd]",12,0.009118
fixed,drafter,Drafter,"void at::native::(anonymous namespace)::CatArrayBatchedCopy_contig<at::native::(anonymous namespace)::OpaqueType<2u>, unsigned int, 2, 128, 1>(at::native::(anonymous namespace)::OpaqueType<2u>*, at::native::(anonymous namespace)::CatArrInputTensorMetadata<at::native::(anonymous namespace)::OpaqueType<2u>, unsigned int, 128, 1>, at::native::(anonymous namespace)::TensorSizeStride<unsigned int, 4u>, int, unsigned int) [clone .kd]",12,0.009478166666666666
old,drafter,Drafter,"void at::native::_scatter_gather_elementwise_kernel<256, 4, at::native::_cuda_scatter_gather_internal_kernel<false, at::native::OpaqueType<4>, long>::operator()<at::native::TensorAssign>(at::TensorIterator&, long, long, long, at::native::TensorAssign const&)::{lambda(int)#1}>(int, at::native::_cuda_scatter_gather_internal_kernel<false, at::native::OpaqueType<4>, long>::operator()<at::native::TensorAssign>(at::TensorIterator&, long, long, long, at::native::TensorAssign const&)::{lambda(int)#1}) [clone .kd]",6,0.0035656666666666666
fixed,drafter,Drafter,"void at::native::_scatter_gather_elementwise_kernel<256, 4, at::native::_cuda_scatter_gather_internal_kernel<false, at::native::OpaqueType<4>, long>::operator()<at::native::TensorAssign>(at::TensorIterator&, long, long, long, at::native::TensorAssign const&)::{lambda(int)#1}>(int, at::native::_cuda_scatter_gather_internal_kernel<false, at::native::OpaqueType<4>, long>::operator()<at::native::TensorAssign>(at::TensorIterator&, long, long, long, at::native::TensorAssign const&)::{lambda(int)#1}) [clone .kd]",6,0.0035589999999999997
old,drafter,Drafter,"void at::native::_scatter_gather_elementwise_kernel<256, 4, at::native::_cuda_scatter_gather_internal_kernel<true, at::native::OpaqueType<2>, long>::operator()<at::native::TensorAssign>(at::TensorIterator&, long, long, long, at::native::TensorAssign const&)::{lambda(int)#1}>(int, at::native::_cuda_scatter_gather_internal_kernel<true, at::native::OpaqueType<2>, long>::operator()<at::native::TensorAssign>(at::TensorIterator&, long, long, long, at::native::TensorAssign const&)::{lambda(int)#1}) [clone .kd]",6,0.003005666666666667
fixed,drafter,Drafter,"void at::native::_scatter_gather_elementwise_kernel<256, 4, at::native::_cuda_scatter_gather_internal_kernel<true, at::native::OpaqueType<2>, long>::operator()<at::native::TensorAssign>(at::TensorIterator&, long, long, long, at::native::TensorAssign const&)::{lambda(int)#1}>(int, at::native::_cuda_scatter_gather_internal_kernel<true, at::native::OpaqueType<2>, long>::operator()<at::native::TensorAssign>(at::TensorIterator&, long, long, long, at::native::TensorAssign const&)::{lambda(int)#1}) [clone .kd]",6,0.0029256666666666667
old,drafter,Drafter,"void at::native::bitonicSortKVInPlace<2, -1, 16, 16, c10::BFloat16, long, at::native::GTOp<c10::BFloat16, true>, unsigned int>(at::cuda::detail::TensorInfo<c10::BFloat16, unsigned int>, unsigned int, unsigned int, unsigned int, at::cuda::detail::TensorInfo<long, unsigned int>, unsigned int, at::native::GTOp<c10::BFloat16, true>) [clone .kd]",6,0.003219
fixed,drafter,Drafter,"void at::native::bitonicSortKVInPlace<2, -1, 16, 16, c10::BFloat16, long, at::native::GTOp<c10::BFloat16, true>, unsigned int>(at::cuda::detail::TensorInfo<c10::BFloat16, unsigned int>, unsigned int, unsigned int, unsigned int, at::cuda::detail::TensorInfo<long, unsigned int>, unsigned int, at::native::GTOp<c10::BFloat16, true>) [clone .kd]",6,0.0032389999999999997
old,drafter,Drafter,"void at::native::elementwise_kernel_manual_unroll<128, 4, at::native::gpu_kernel_impl<at::native::direct_copy_kernel_cuda(at::TensorIteratorBase&)::{lambda()#3}::operator()() const::{lambda()#4}::operator()() const::{lambda(long)#1}>(at::TensorIteratorBase&, at::native::direct_copy_kernel_cuda(at::TensorIteratorBase&)::{lambda()#3}::operator()() const::{lambda()#4}::operator()() const::{lambda(long)#1} const&)::{lambda(int, bool)#1}>(int, at::native::gpu_kernel_impl<at::native::direct_copy_kernel_cuda(at::TensorIteratorBase&)::{lambda()#3}::operator()() const::{lambda()#4}::operator()() const::{lambda(long)#1}>(at::TensorIteratorBase&, at::native::direct_copy_kernel_cuda(at::TensorIteratorBase&)::{lambda()#3}::operator()() const::{lambda()#4}::operator()() const::{lambda(long)#1} const&)::{lambda(int, bool)#1}) [clone .kd]",6,0.004939
fixed,drafter,Drafter,"void at::native::elementwise_kernel_manual_unroll<128, 4, at::native::gpu_kernel_impl<at::native::direct_copy_kernel_cuda(at::TensorIteratorBase&)::{lambda()#3}::operator()() const::{lambda()#4}::operator()() const::{lambda(long)#1}>(at::TensorIteratorBase&, at::native::direct_copy_kernel_cuda(at::TensorIteratorBase&)::{lambda()#3}::operator()() const::{lambda()#4}::operator()() const::{lambda(long)#1} const&)::{lambda(int, bool)#1}>(int, at::native::gpu_kernel_impl<at::native::direct_copy_kernel_cuda(at::TensorIteratorBase&)::{lambda()#3}::operator()() const::{lambda()#4}::operator()() const::{lambda(long)#1}>(at::TensorIteratorBase&, at::native::direct_copy_kernel_cuda(at::TensorIteratorBase&)::{lambda()#3}::operator()() const::{lambda()#4}::operator()() const::{lambda(long)#1} const&)::{lambda(int, bool)#1}) [clone .kd]",6,0.004985833333333333
old,drafter,Drafter,"void at::native::elementwise_kernel_manual_unroll<128, 4, at::native::gpu_kernel_impl_nocast<at::native::direct_copy_kernel_cuda(at::TensorIteratorBase&)::{lambda()#3}::operator()() const::{lambda()#4}::operator()() const::{lambda(long)#1}>(at::TensorIteratorBase&, at::native::direct_copy_kernel_cuda(at::TensorIteratorBase&)::{lambda()#3}::operator()() const::{lambda()#4}::operator()() const::{lambda(long)#1} const&)::{lambda(int, bool)#1}>(int, at::native::gpu_kernel_impl_nocast<at::native::direct_copy_kernel_cuda(at::TensorIteratorBase&)::{lambda()#3}::operator()() const::{lambda()#4}::operator()() const::{lambda(long)#1}>(at::TensorIteratorBase&, at::native::direct_copy_kernel_cuda(at::TensorIteratorBase&)::{lambda()#3}::operator()() const::{lambda()#4}::operator()() const::{lambda(long)#1} const&)::{lambda(int, bool)#1}) [clone .kd]",6,0.0024723333333333333
fixed,drafter,Drafter,"void at::native::elementwise_kernel_manual_unroll<128, 4, at::native::gpu_kernel_impl_nocast<at::native::direct_copy_kernel_cuda(at::TensorIteratorBase&)::{lambda()#3}::operator()() const::{lambda()#4}::operator()() const::{lambda(long)#1}>(at::TensorIteratorBase&, at::native::direct_copy_kernel_cuda(at::TensorIteratorBase&)::{lambda()#3}::operator()() const::{lambda()#4}::operator()() const::{lambda(long)#1} const&)::{lambda(int, bool)#1}>(int, at::native::gpu_kernel_impl_nocast<at::native::direct_copy_kernel_cuda(at::TensorIteratorBase&)::{lambda()#3}::operator()() const::{lambda()#4}::operator()() const::{lambda(long)#1}>(at::TensorIteratorBase&, at::native::direct_copy_kernel_cuda(at::TensorIteratorBase&)::{lambda()#3}::operator()() const::{lambda()#4}::operator()() const::{lambda(long)#1} const&)::{lambda(int, bool)#1}) [clone .kd]",6,0.002592333333333333
old,drafter,Drafter,"void at::native::elementwise_kernel_manual_unroll<128, 8, at::native::gpu_kernel_impl_nocast<at::native::direct_copy_kernel_cuda(at::TensorIteratorBase&)::{lambda()#3}::operator()() const::{lambda()#12}::operator()() const::{lambda(c10::BFloat16)#1}>(at::TensorIteratorBase&, at::native::direct_copy_kernel_cuda(at::TensorIteratorBase&)::{lambda()#3}::operator()() const::{lambda()#12}::operator()() const::{lambda(c10::BFloat16)#1} const&)::{lambda(int, bool)#1}>(int, at::native::gpu_kernel_impl_nocast<at::native::direct_copy_kernel_cuda(at::TensorIteratorBase&)::{lambda()#3}::operator()() const::{lambda()#12}::operator()() const::{lambda(c10::BFloat16)#1}>(at::TensorIteratorBase&, at::native::direct_copy_kernel_cuda(at::TensorIteratorBase&)::{lambda()#3}::operator()() const::{lambda()#12}::operator()() const::{lambda(c10::BFloat16)#1} const&)::{lambda(int, bool)#1}) [clone .kd]",6,0.0034523333333333333
fixed,drafter,Drafter,"void at::native::elementwise_kernel_manual_unroll<128, 8, at::native::gpu_kernel_impl_nocast<at::native::direct_copy_kernel_cuda(at::TensorIteratorBase&)::{lambda()#3}::operator()() const::{lambda()#12}::operator()() const::{lambda(c10::BFloat16)#1}>(at::TensorIteratorBase&, at::native::direct_copy_kernel_cuda(at::TensorIteratorBase&)::{lambda()#3}::operator()() const::{lambda()#12}::operator()() const::{lambda(c10::BFloat16)#1} const&)::{lambda(int, bool)#1}>(int, at::native::gpu_kernel_impl_nocast<at::native::direct_copy_kernel_cuda(at::TensorIteratorBase&)::{lambda()#3}::operator()() const::{lambda()#12}::operator()() const::{lambda(c10::BFloat16)#1}>(at::TensorIteratorBase&, at::native::direct_copy_kernel_cuda(at::TensorIteratorBase&)::{lambda()#3}::operator()() const::{lambda()#12}::operator()() const::{lambda(c10::BFloat16)#1} const&)::{lambda(int, bool)#1}) [clone .kd]",6,0.0036058333333333333
old,drafter,Drafter,"void at::native::index_elementwise_kernel<128, 4, at::native::gpu_index_kernel<at::native::index_kernel_impl<at::native::OpaqueType<4> >(at::TensorIteratorBase&, c10::ArrayRef<long>, c10::ArrayRef<long>)::{lambda(char*, char const*, long)#1}>(at::TensorIteratorBase&, c10::ArrayRef<long>, c10::ArrayRef<long>, at::native::index_kernel_impl<at::native::OpaqueType<4> >(at::TensorIteratorBase&, c10::ArrayRef<long>, c10::ArrayRef<long>)::{lambda(char*, char const*, long)#1} const&, bool)::{lambda(int)#1}>(long, at::native::gpu_index_kernel<at::native::index_kernel_impl<at::native::OpaqueType<4> >(at::TensorIteratorBase&, c10::ArrayRef<long>, c10::ArrayRef<long>)::{lambda(char*, char const*, long)#1}>(at::TensorIteratorBase&, c10::ArrayRef<long>, c10::ArrayRef<long>, at::native::index_kernel_impl<at::native::OpaqueType<4> >(at::TensorIteratorBase&, c10::ArrayRef<long>, c10::ArrayRef<long>)::{lambda(char*, char const*, long)#1} const&, bool)::{lambda(int)#1}) [clone .kd]",6,0.0030456666666666674
fixed,drafter,Drafter,"void at::native::index_elementwise_kernel<128, 4, at::native::gpu_index_kernel<at::native::index_kernel_impl<at::native::OpaqueType<4> >(at::TensorIteratorBase&, c10::ArrayRef<long>, c10::ArrayRef<long>)::{lambda(char*, char const*, long)#1}>(at::TensorIteratorBase&, c10::ArrayRef<long>, c10::ArrayRef<long>, at::native::index_kernel_impl<at::native::OpaqueType<4> >(at::TensorIteratorBase&, c10::ArrayRef<long>, c10::ArrayRef<long>)::{lambda(char*, char const*, long)#1} const&, bool)::{lambda(int)#1}>(long, at::native::gpu_index_kernel<at::native::index_kernel_impl<at::native::OpaqueType<4> >(at::TensorIteratorBase&, c10::ArrayRef<long>, c10::ArrayRef<long>)::{lambda(char*, char const*, long)#1}>(at::TensorIteratorBase&, c10::ArrayRef<long>, c10::ArrayRef<long>, at::native::index_kernel_impl<at::native::OpaqueType<4> >(at::TensorIteratorBase&, c10::ArrayRef<long>, c10::ArrayRef<long>)::{lambda(char*, char const*, long)#1} const&, bool)::{lambda(int)#1}) [clone .kd]",6,0.0031123333333333333
old,drafter,Drafter,"void at::native::mbtopk::computeBlockDigitCounts<c10::BFloat16, unsigned int, unsigned int, 2>(at::cuda::detail::TensorInfo<c10::BFloat16 const, unsigned int>, unsigned int, unsigned int*, unsigned int, unsigned int, int, int, unsigned int, unsigned int, unsigned int*, short*) [clone .kd]",12,0.039078
fixed,drafter,Drafter,"void at::native::mbtopk::computeBlockDigitCounts<c10::BFloat16, unsigned int, unsigned int, 2>(at::cuda::detail::TensorInfo<c10::BFloat16 const, unsigned int>, unsigned int, unsigned int*, unsigned int, unsigned int, int, int, unsigned int, unsigned int, unsigned int*, short*) [clone .kd]",12,0.0389115
old,drafter,Drafter,"void at::native::mbtopk::computeBlockDigitCounts<float, unsigned int, unsigned int, 2>(at::cuda::detail::TensorInfo<float const, unsigned int>, unsigned int, unsigned int*, unsigned int, unsigned int, int, int, unsigned int, unsigned int, unsigned int*, short*) [clone .kd]",24,0.0542295
fixed,drafter,Drafter,"void at::native::mbtopk::computeBlockDigitCounts<float, unsigned int, unsigned int, 2>(at::cuda::detail::TensorInfo<float const, unsigned int>, unsigned int, unsigned int*, unsigned int, unsigned int, int, int, unsigned int, unsigned int, unsigned int*, short*) [clone .kd]",24,0.056422999999999994
old,drafter,Drafter,"void at::native::mbtopk::computeBlockwiseWithinKCounts<unsigned int, c10::BFloat16>(unsigned int*, short*, unsigned int*, unsigned int, int, bool, unsigned int*, c10::BFloat16*, unsigned int*, unsigned int*, unsigned int*, unsigned int) [clone .kd]",12,0.02225166666666667
fixed,drafter,Drafter,"void at::native::mbtopk::computeBlockwiseWithinKCounts<unsigned int, c10::BFloat16>(unsigned int*, short*, unsigned int*, unsigned int, int, bool, unsigned int*, c10::BFloat16*, unsigned int*, unsigned int*, unsigned int*, unsigned int) [clone .kd]",12,0.02233133333333333
old,drafter,Drafter,"void at::native::mbtopk::computeBlockwiseWithinKCounts<unsigned int, float>(unsigned int*, short*, unsigned int*, unsigned int, int, bool, unsigned int*, float*, unsigned int*, unsigned int*, unsigned int*, unsigned int) [clone .kd]",24,0.028782666666666668
fixed,drafter,Drafter,"void at::native::mbtopk::computeBlockwiseWithinKCounts<unsigned int, float>(unsigned int*, short*, unsigned int*, unsigned int, int, bool, unsigned int*, float*, unsigned int*, unsigned int*, unsigned int*, unsigned int) [clone .kd]",24,0.028575999999999997
old,drafter,Drafter,"void at::native::mbtopk::fill<unsigned int, unsigned int>(unsigned int*, unsigned int, unsigned int) [clone .kd]",12,0.003044666666666667
fixed,drafter,Drafter,"void at::native::mbtopk::fill<unsigned int, unsigned int>(unsigned int*, unsigned int, unsigned int) [clone .kd]",12,0.0029846666666666667
old,drafter,Drafter,"void at::native::mbtopk::gatherTopK<c10::BFloat16, unsigned int, 2>(at::cuda::detail::TensorInfo<c10::BFloat16 const, unsigned int>, unsigned int, unsigned int, bool, unsigned int, unsigned int, at::cuda::detail::TensorInfo<c10::BFloat16, unsigned int>, unsigned int, at::cuda::detail::TensorInfo<long, unsigned int>, unsigned int, unsigned int, unsigned int, c10::BFloat16*, unsigned int*, unsigned int*, unsigned int) [clone .kd]",6,0.023932333333333337
fixed,drafter,Drafter,"void at::native::mbtopk::gatherTopK<c10::BFloat16, unsigned int, 2>(at::cuda::detail::TensorInfo<c10::BFloat16 const, unsigned int>, unsigned int, unsigned int, bool, unsigned int, unsigned int, at::cuda::detail::TensorInfo<c10::BFloat16, unsigned int>, unsigned int, at::cuda::detail::TensorInfo<long, unsigned int>, unsigned int, unsigned int, unsigned int, c10::BFloat16*, unsigned int*, unsigned int*, unsigned int) [clone .kd]",6,0.021492333333333332
old,drafter,Drafter,"void at::native::mbtopk::gatherTopK<float, unsigned int, 2>(at::cuda::detail::TensorInfo<float const, unsigned int>, unsigned int, unsigned int, bool, unsigned int, unsigned int, at::cuda::detail::TensorInfo<float, unsigned int>, unsigned int, at::cuda::detail::TensorInfo<long, unsigned int>, unsigned int, unsigned int, unsigned int, float*, unsigned int*, unsigned int*, unsigned int) [clone .kd]",6,0.010785666666666666
fixed,drafter,Drafter,"void at::native::mbtopk::gatherTopK<float, unsigned int, 2>(at::cuda::detail::TensorInfo<float const, unsigned int>, unsigned int, unsigned int, bool, unsigned int, unsigned int, at::cuda::detail::TensorInfo<float, unsigned int>, unsigned int, at::cuda::detail::TensorInfo<long, unsigned int>, unsigned int, unsigned int, unsigned int, float*, unsigned int*, unsigned int*, unsigned int) [clone .kd]",6,0.010859166666666668
old,drafter,Drafter,"void at::native::reduce_kernel<512, 1, at::native::ReduceOp<float, at::native::func_wrapper_t<float, at::native::sum_functor<float, float, float>::operator()(at::TensorIterator&)::{lambda(float, float)#1}>, unsigned int, float, 4, 4> >(at::native::ReduceOp<float, at::native::func_wrapper_t<float, at::native::sum_functor<float, float, float>::operator()(at::TensorIterator&)::{lambda(float, float)#1}>, unsigned int, float, 4, 4>) [clone .kd]",6,0.003932333333333334
fixed,drafter,Drafter,"void at::native::reduce_kernel<512, 1, at::native::ReduceOp<float, at::native::func_wrapper_t<float, at::native::sum_functor<float, float, float>::operator()(at::TensorIterator&)::{lambda(float, float)#1}>, unsigned int, float, 4, 4> >(at::native::ReduceOp<float, at::native::func_wrapper_t<float, at::native::sum_functor<float, float, float>::operator()(at::TensorIterator&)::{lambda(float, float)#1}>, unsigned int, float, 4, 4>) [clone .kd]",6,0.0038256666666666665
old,drafter,Drafter,"void at::native::vectorized_elementwise_kernel<4, at::native::CUDAFunctorOnSelf_add<long>, std::array<char*, 2ul> >(int, at::native::CUDAFunctorOnSelf_add<long>, std::array<char*, 2ul>) [clone .kd]",6,0.0017990000000000003
fixed,drafter,Drafter,"void at::native::vectorized_elementwise_kernel<4, at::native::CUDAFunctorOnSelf_add<long>, std::array<char*, 2ul> >(int, at::native::CUDAFunctorOnSelf_add<long>, std::array<char*, 2ul>) [clone .kd]",6,0.0017390000000000003
old,drafter,Drafter,"void at::native::vectorized_elementwise_kernel<4, at::native::bfloat16_copy_kernel_cuda(at::TensorIteratorBase&)::{lambda(float)#1}, std::array<char*, 2ul> >(int, at::native::bfloat16_copy_kernel_cuda(at::TensorIteratorBase&)::{lambda(float)#1}, std::array<char*, 2ul>) [clone .kd]",6,0.0025056666666666665
fixed,drafter,Drafter,"void at::native::vectorized_elementwise_kernel<4, at::native::bfloat16_copy_kernel_cuda(at::TensorIteratorBase&)::{lambda(float)#1}, std::array<char*, 2ul> >(int, at::native::bfloat16_copy_kernel_cuda(at::TensorIteratorBase&)::{lambda(float)#1}, std::array<char*, 2ul>) [clone .kd]",6,0.0026390000000000003
old,drafter,Drafter,"void at::native::vectorized_elementwise_kernel<4, at::native::bfloat16tofloat32_copy_kernel_cuda(at::TensorIteratorBase&)::{lambda(c10::BFloat16)#1}, std::array<char*, 2ul> >(int, at::native::bfloat16tofloat32_copy_kernel_cuda(at::TensorIteratorBase&)::{lambda(c10::BFloat16)#1}, std::array<char*, 2ul>) [clone .kd]",12,0.0037513333333333335
fixed,drafter,Drafter,"void at::native::vectorized_elementwise_kernel<4, at::native::bfloat16tofloat32_copy_kernel_cuda(at::TensorIteratorBase&)::{lambda(c10::BFloat16)#1}, std::array<char*, 2ul> >(int, at::native::bfloat16tofloat32_copy_kernel_cuda(at::TensorIteratorBase&)::{lambda(c10::BFloat16)#1}, std::array<char*, 2ul>) [clone .kd]",12,0.0038246666666666663
old,drafter,Drafter,"void at::native::vectorized_elementwise_kernel<8, at::native::FillFunctor<c10::BFloat16>, std::array<char*, 1ul> >(int, at::native::FillFunctor<c10::BFloat16>, std::array<char*, 1ul>) [clone .kd]",12,0.005244666666666666
fixed,drafter,Drafter,"void at::native::vectorized_elementwise_kernel<8, at::native::FillFunctor<c10::BFloat16>, std::array<char*, 1ul> >(int, at::native::FillFunctor<c10::BFloat16>, std::array<char*, 1ul>) [clone .kd]",12,0.0051979999999999995
old,drafter,Drafter,"void at::native::vectorized_gather_kernel<16, long>(char*, char*, long*, int, long, long, long, long, bool) [clone .kd]",6,0.0021190000000000002
fixed,drafter,Drafter,"void at::native::vectorized_gather_kernel<16, long>(char*, char*, long*, int, long, long, long, long, bool) [clone .kd]",6,0.0021590000000000003
old,drafter,Drafter,"void at::native::warpMergeSortKVInPlace<2, -1, 128, 16, float, long, at::native::GTOp<float, true>, unsigned int, 32>(at::cuda::detail::TensorInfo<float, unsigned int>, unsigned int, unsigned int, unsigned int, at::cuda::detail::TensorInfo<long, unsigned int>, unsigned int, at::native::GTOp<float, true>, float) [clone .kd]",6,0.004912333333333333
fixed,drafter,Drafter,"void at::native::warpMergeSortKVInPlace<2, -1, 128, 16, float, long, at::native::GTOp<float, true>, unsigned int, 32>(at::cuda::detail::TensorInfo<float, unsigned int>, unsigned int, unsigned int, unsigned int, at::cuda::detail::TensorInfo<long, unsigned int>, unsigned int, at::native::GTOp<float, true>, float) [clone .kd]",6,0.004905666666666667
old,drafter,Drafter,"void r4d_gemm_w4a16_nt_m64_kernel<1, 1, false>(unsigned short const*, unsigned int const*, unsigned int const*, __hip_bfloat16*, int, int, int, int, int) [clone .kd]",6,0.004499
fixed,drafter,Drafter,"void r4d_gemm_w4a16_nt_m64_kernel<1, 1, false>(unsigned short const*, unsigned int const*, unsigned int const*, __hip_bfloat16*, int, int, int, int, int) [clone .kd]",6,0.004599000000000001
old,drafter,Drafter,"void r4d_gemm_w4a16_nt_m64_kernel<1, 1, true>(unsigned short const*, unsigned int const*, unsigned int const*, __hip_bfloat16*, int, int, int, int, int) [clone .kd]",60,0.07951016666666669
fixed,drafter,Drafter,"void r4d_gemm_w4a16_nt_m64_kernel<1, 1, true>(unsigned short const*, unsigned int const*, unsigned int const*, __hip_bfloat16*, int, int, int, int, int) [clone .kd]",60,0.08153033333333334
old,drafter,Drafter,"void vllm::rms_norm_kernel<c10::BFloat16, 8, 2, true>(c10::BFloat16*, c10::BFloat16 const*, long, long, long, long, long, c10::BFloat16 const*, long, float, int, int) [clone .kd]",6,0.002865833333333333
fixed,drafter,Drafter,"void vllm::rms_norm_kernel<c10::BFloat16, 8, 2, true>(c10::BFloat16*, c10::BFloat16 const*, long, long, long, long, long, c10::BFloat16 const*, long, float, int, int) [clone .kd]",6,0.003039
old,drafter,Drafter,"void vllm::rms_norm_kernel<c10::BFloat16, 8, 4, true>(c10::BFloat16*, c10::BFloat16 const*, long, long, long, long, long, c10::BFloat16 const*, long, float, int, int) [clone .kd]",6,0.002732333333333333
fixed,drafter,Drafter,"void vllm::rms_norm_kernel<c10::BFloat16, 8, 4, true>(c10::BFloat16*, c10::BFloat16 const*, long, long, long, long, long, c10::BFloat16 const*, long, float, int, int) [clone .kd]",6,0.0028056666666666664
old,drafter,Drafter,"void vllm::rotary_embedding_kernel<c10::BFloat16, c10::BFloat16, true>(long const*, c10::BFloat16*, c10::BFloat16*, c10::BFloat16 const*, int, long, long, long, int, int, int, long, bool) [clone .kd]",6,0.002739
fixed,drafter,Drafter,"void vllm::rotary_embedding_kernel<c10::BFloat16, c10::BFloat16, true>(long const*, c10::BFloat16*, c10::BFloat16*, c10::BFloat16 const*, int, long, long, long, int, int, int, long, bool) [clone .kd]",6,0.0027856666666666663
old,target_body,Attention KV write,reshape_and_cache_kernel_flash.kd,96,0.15695183333333332
fixed,target_body,Attention KV write,reshape_and_cache_kernel_flash.kd,96,0.04678433333333334
fixed,target_body,"Attention Q/K normalization, RoPE and layout",triton_poi_fused_1.kd,96,0.02321733333333334
old,target_body,"Attention Q/K normalization, RoPE and layout",triton_poi_fused_6.kd,96,0.02661733333333332
old,target_body,"Attention Q/K normalization, RoPE and layout",triton_poi_fused_8.kd,96,0.03315083333333333
fixed,target_body,"Attention Q/K normalization, RoPE and layout",triton_poi_fused_add_cat_mul_slice_split_sub_unsqueeze_3.kd,96,0.03239083333333333
fixed,target_body,"Attention Q/K normalization, RoPE and layout",triton_poi_fused_add_cat_mul_slice_split_sub_unsqueeze_4.kd,96,0.031037499999999996
fixed,target_body,"Attention Q/K normalization, RoPE and layout",triton_poi_fused_arange_bitwise_and_eq_index_lt_remainder_select_split_where_2.kd,96,0.028190666666666652
old,target_body,"Attention Q/K normalization, RoPE and layout",triton_red_fused_7.kd,96,0.15979766666666667
fixed,target_body,"Attention Q/K normalization, RoPE and layout","void at::native::elementwise_kernel_manual_unroll<128, 8, at::native::gpu_kernel_impl_nocast<at::native::direct_copy_kernel_cuda(at::TensorIteratorBase&)::{lambda()#3}::operator()() const::{lambda()#12}::operator()() const::{lambda(c10::BFloat16)#1}>(at::TensorIteratorBase&, at::native::direct_copy_kernel_cuda(at::TensorIteratorBase&)::{lambda()#3}::operator()() const::{lambda()#12}::operator()() const::{lambda(c10::BFloat16)#1} const&)::{lambda(int, bool)#1}>(int, at::native::gpu_kernel_impl_nocast<at::native::direct_copy_kernel_cuda(at::TensorIteratorBase&)::{lambda()#3}::operator()() const::{lambda()#12}::operator()() const::{lambda(c10::BFloat16)#1}>(at::TensorIteratorBase&, at::native::direct_copy_kernel_cuda(at::TensorIteratorBase&)::{lambda()#3}::operator()() const::{lambda()#12}::operator()() const::{lambda(c10::BFloat16)#1} const&)::{lambda(int, bool)#1}) [clone .kd]",96,0.033677333333333344
fixed,target_body,"Attention Q/K normalization, RoPE and layout","void stock_m1_gemma_norm<false, 256, 32>(unsigned short const*, unsigned short const*, unsigned short const*, unsigned short*, unsigned short*, long, long, float, float*) [clone .kd]",96,0.05092433333333335
fixed,target_body,"Attention Q/K normalization, RoPE and layout","void stock_m1_gemma_norm<false, 256, 64>(unsigned short const*, unsigned short const*, unsigned short const*, unsigned short*, unsigned short*, long, long, float, float*) [clone .kd]",96,0.040317333333333344
fixed,target_body,Attention decode,"void qwen_stock_m1_shared_decode<4, 16, 256, 6, 16, 0, 3430971>(R4DArgs, int) [clone .kd]",96,5.262465999999998
old,target_body,Attention decode,"void r4d_attn_decode_kernel<3, 16, 256, 6, 16, 0, 3430971>(R4DArgs, int) [clone .kd]",96,4.112383999999998
old,target_body,Attention input activation FP8 quantization,"void vllm::dynamic_per_token_scaled_fp8_quant_kernel_strided<c10::BFloat16, c10::Float8_e4m3fn>(c10::Float8_e4m3fn*, float*, c10::BFloat16 const*, float const*, int, long, long) [clone .kd]",96,0.16687783333333336
fixed,target_body,Attention input activation FP8 quantization,"void vllm::dynamic_per_token_scaled_fp8_quant_kernel_strided<c10::BFloat16, c10::Float8_e4m3fn>(c10::Float8_e4m3fn*, float*, c10::BFloat16 const*, float const*, int, long, long) [clone .kd]",96,0.042470666666666684
old,target_body,Attention input projection,"void radiance_mxfp4_fp8_gemm_decode<8, 128, 1, 1, true, true, true>(unsigned char const*, unsigned char const*, unsigned char const*, unsigned char const*, float const*, float*, int*, std::bfloat16_t*, int, int, int) [clone .kd]",96,1.1035680000000003
fixed,target_body,Attention input projection,"void radiance_mxfp4_fp8_gemm_decode<8, 128, 1, 1, true, true, true>(unsigned char const*, unsigned char const*, unsigned char const*, unsigned char const*, float const*, float*, int*, std::bfloat16_t*, int, int, int) [clone .kd]",96,1.0991290000000002
old,target_body,Attention output activation FP8 quantization,"void vllm::dynamic_per_token_scaled_fp8_quant_kernel_strided<c10::BFloat16, c10::Float8_e4m3fn>(c10::Float8_e4m3fn*, float*, c10::BFloat16 const*, float const*, int, long, long) [clone .kd]",96,0.16745766666666664
fixed,target_body,Attention output activation FP8 quantization,"void vllm::dynamic_per_token_scaled_fp8_quant_kernel_strided<c10::BFloat16, c10::Float8_e4m3fn>(c10::Float8_e4m3fn*, float*, c10::BFloat16 const*, float const*, int, long, long) [clone .kd]",96,0.04623116666666668
old,target_body,Attention output gating,triton_poi_fused_mul_mxfp4_linear_sigmoid_view_0.kd,96,0.038584
fixed,target_body,Attention output gating,triton_poi_fused_mul_mxfp4_linear_sigmoid_view_0.kd,96,0.032397333333333334
old,target_body,Attention output projection,"void radiance_mxfp4_fp8_gemm_decode<8, 128, 4, 1, true, true, true>(unsigned char const*, unsigned char const*, unsigned char const*, unsigned char const*, float const*, float*, int*, std::bfloat16_t*, int, int, int) [clone .kd]",96,0.5615996666666666
fixed,target_body,Attention output projection,"void radiance_mxfp4_fp8_gemm_decode<8, 128, 4, 1, true, true, true>(unsigned char const*, unsigned char const*, unsigned char const*, unsigned char const*, float const*, float*, int*, std::bfloat16_t*, int, int, int) [clone .kd]",96,0.5210931666666665
fixed,target_body,Attention split-KV merge,"void qwen_stock_m1_shared_merge<256, 4, 1>(R4DArgs, int, int) [clone .kd]",96,0.12082466666666665
old,target_body,Attention split-KV merge,"void r4d_attn_splitkv_combine_kernel<256, 4, 1>(R4DArgs, int, int) [clone .kd]",96,0.25252499999999994
fixed,target_body,Embedding + first input normalization,triton_poi_fused__to_copy_embedding_0.kd,6,0.0025723333333333336
old,target_body,Embedding + first input normalization,triton_red_fused__to_copy_add_embedding_mxfp4_linear_rms_norm_0.kd,6,0.004019
fixed,target_body,Embedding + first input normalization,"void stock_m1_gemma_norm<false, 5120, 512>(unsigned short const*, unsigned short const*, unsigned short const*, unsigned short*, unsigned short*, long, long, float, float*) [clone .kd]",6,0.005125666666666666
old,target_body,Final normalization/layout,triton_red_fused__to_copy_add_fused_add_rms_norm_3.kd,6,0.0026190000000000002
fixed,target_body,Final normalization/layout,"void stock_m1_gemma_norm<true, 5120, 512>(unsigned short const*, unsigned short const*, unsigned short const*, unsigned short*, unsigned short*, long, long, float, float*) [clone .kd]",6,0.005759
fixed,target_body,GDN convolution,_causal_conv1d_update_kernel.kd,288,0.2281324999999999
old,target_body,GDN convolution,"void r4d_gdn_conv_update_kernel<1>(unsigned short const*, long, unsigned short const*, unsigned short const*, unsigned short*, long, long, long, int, int const*, long, int const*, unsigned short*, unsigned short*, unsigned short*, int const*, int, int, int) [clone .kd]",288,0.7715083333333334
old,target_body,GDN input activation FP8 quantization,"void vllm::dynamic_per_token_scaled_fp8_quant_kernel_strided<c10::BFloat16, c10::Float8_e4m3fn>(c10::Float8_e4m3fn*, float*, c10::BFloat16 const*, float const*, int, long, long) [clone .kd]",288,0.4871333333333332
fixed,target_body,GDN input activation FP8 quantization,"void vllm::dynamic_per_token_scaled_fp8_quant_kernel_strided<c10::BFloat16, c10::Float8_e4m3fn>(c10::Float8_e4m3fn*, float*, c10::BFloat16 const*, float const*, int, long, long) [clone .kd]",288,0.1280525
old,target_body,GDN input projection,"void radiance_mxfp4_fp8_gemm_decode<8, 128, 1, 1, true, true, true>(unsigned char const*, unsigned char const*, unsigned char const*, unsigned char const*, float const*, float*, int*, std::bfloat16_t*, int, int, int) [clone .kd]",288,3.878765833333336
fixed,target_body,GDN input projection,"void radiance_mxfp4_fp8_gemm_decode<8, 128, 1, 1, true, true, true>(unsigned char const*, unsigned char const*, unsigned char const*, unsigned char const*, float const*, float*, int*, std::bfloat16_t*, int, int, int) [clone .kd]",288,3.874706833333333
old,target_body,GDN layout/copies and buffer initialization,triton_per_fused_1.kd,96,0.15981166666666666
old,target_body,GDN layout/copies and buffer initialization,triton_poi_fused_0.kd,96,0.03329066666666666
fixed,target_body,GDN layout/copies and buffer initialization,triton_poi_fused_add_1.kd,18,0.004263666666666667
fixed,target_body,GDN layout/copies and buffer initialization,triton_poi_fused_add_2.kd,12,0.0027246666666666665
old,target_body,GDN layout/copies and buffer initialization,"void at::native::elementwise_kernel_manual_unroll<128, 8, at::native::gpu_kernel_impl_nocast<at::native::direct_copy_kernel_cuda(at::TensorIteratorBase&)::{lambda()#3}::operator()() const::{lambda()#12}::operator()() const::{lambda(c10::BFloat16)#1}>(at::TensorIteratorBase&, at::native::direct_copy_kernel_cuda(at::TensorIteratorBase&)::{lambda()#3}::operator()() const::{lambda()#12}::operator()() const::{lambda(c10::BFloat16)#1} const&)::{lambda(int, bool)#1}>(int, at::native::gpu_kernel_impl_nocast<at::native::direct_copy_kernel_cuda(at::TensorIteratorBase&)::{lambda()#3}::operator()() const::{lambda()#12}::operator()() const::{lambda(c10::BFloat16)#1}>(at::TensorIteratorBase&, at::native::direct_copy_kernel_cuda(at::TensorIteratorBase&)::{lambda()#3}::operator()() const::{lambda()#12}::operator()() const::{lambda(c10::BFloat16)#1} const&)::{lambda(int, bool)#1}) [clone .kd]",288,0.4626006666666665
fixed,target_body,GDN layout/copies and buffer initialization,"void at::native::elementwise_kernel_manual_unroll<128, 8, at::native::gpu_kernel_impl_nocast<at::native::direct_copy_kernel_cuda(at::TensorIteratorBase&)::{lambda()#3}::operator()() const::{lambda()#12}::operator()() const::{lambda(c10::BFloat16)#1}>(at::TensorIteratorBase&, at::native::direct_copy_kernel_cuda(at::TensorIteratorBase&)::{lambda()#3}::operator()() const::{lambda()#12}::operator()() const::{lambda(c10::BFloat16)#1} const&)::{lambda(int, bool)#1}>(int, at::native::gpu_kernel_impl_nocast<at::native::direct_copy_kernel_cuda(at::TensorIteratorBase&)::{lambda()#3}::operator()() const::{lambda()#12}::operator()() const::{lambda(c10::BFloat16)#1}>(at::TensorIteratorBase&, at::native::direct_copy_kernel_cuda(at::TensorIteratorBase&)::{lambda()#3}::operator()() const::{lambda()#12}::operator()() const::{lambda(c10::BFloat16)#1} const&)::{lambda(int, bool)#1}) [clone .kd]",288,0.15649316666666685
fixed,target_body,GDN layout/copies and buffer initialization,"void at::native::vectorized_elementwise_kernel<4, at::native::bfloat16_copy_kernel_cuda(at::TensorIteratorBase&)::{lambda(float)#1}, std::array<char*, 2ul> >(int, at::native::bfloat16_copy_kernel_cuda(at::TensorIteratorBase&)::{lambda(float)#1}, std::array<char*, 2ul>) [clone .kd]",288,0.09341200000000013
old,target_body,GDN layout/copies and buffer initialization,"void at::native::vectorized_elementwise_kernel<8, at::native::FillFunctor<c10::BFloat16>, std::array<char*, 1ul> >(int, at::native::FillFunctor<c10::BFloat16>, std::array<char*, 1ul>) [clone .kd]",288,0.10629916666666671
fixed,target_body,GDN layout/copies and buffer initialization,"void at::native::vectorized_elementwise_kernel<8, at::native::FillFunctor<c10::BFloat16>, std::array<char*, 1ul> >(int, at::native::FillFunctor<c10::BFloat16>, std::array<char*, 1ul>) [clone .kd]",288,0.07483233333333339
old,target_body,GDN output activation FP8 quantization,"void vllm::dynamic_per_token_scaled_fp8_quant_kernel_strided<c10::BFloat16, c10::Float8_e4m3fn>(c10::Float8_e4m3fn*, float*, c10::BFloat16 const*, float const*, int, long, long) [clone .kd]",288,0.25409950000000014
fixed,target_body,GDN output activation FP8 quantization,"void vllm::dynamic_per_token_scaled_fp8_quant_kernel_strided<c10::BFloat16, c10::Float8_e4m3fn>(c10::Float8_e4m3fn*, float*, c10::BFloat16 const*, float const*, int, long, long) [clone .kd]",288,0.13138583333333326
fixed,target_body,GDN output gated normalization,layer_norm_fwd_kernel.kd,288,0.09818599999999995
old,target_body,GDN output gated normalization,triton_per_fused__to_copy_mean_pow_view_0.kd,192,0.05976816666666664
old,target_body,GDN output gated normalization,triton_poi_fused__to_copy_add_mean_mul_mxfp4_linear_pow_rsqrt_silu_view_1.kd,192,0.30763550000000006
old,target_body,GDN output gated normalization,triton_poi_fused__to_copy_add_mean_mul_mxfp4_linear_pow_rsqrt_silu_view_2.kd,96,0.03195066666666666
old,target_body,GDN output projection,"void radiance_mxfp4_fp8_gemm_decode<8, 128, 4, 1, true, true, true>(unsigned char const*, unsigned char const*, unsigned char const*, unsigned char const*, float const*, float*, int*, std::bfloat16_t*, int, int, int) [clone .kd]",288,1.8965053333333337
fixed,target_body,GDN output projection,"void radiance_mxfp4_fp8_gemm_decode<8, 128, 4, 1, true, true, true>(unsigned char const*, unsigned char const*, unsigned char const*, unsigned char const*, float const*, float*, int*, std::bfloat16_t*, int, int, int) [clone .kd]",288,1.8857470000000007
fixed,target_body,GDN recurrence and gates,stock_gdn_scan_kernel.kd,288,1.2176376666666668
old,target_body,GDN recurrence and gates,"void r4d_gdn_recurrent_update_kernel<1, 0, 2>(unsigned short const*, unsigned short const*, unsigned short const*, void const*, void const*, long, float const*, float const*, float*, long, long, unsigned short*, int const*, int const*, long, int const*, unsigned short const*, float const*, float, int, int, int, float, float) [clone .kd]",288,1.1502679999999994
old,target_body,Layer input residual/normalization,triton_red_fused__to_copy_add_fused_add_rms_norm_mxfp4_linear_3.kd,90,0.039031833333333335
old,target_body,Layer input residual/normalization,triton_red_fused__to_copy_add_fused_add_rms_norm_mxfp4_linear_4.kd,192,0.08224150000000004
old,target_body,Layer input residual/normalization,triton_red_fused__to_copy_add_fused_add_rms_norm_mxfp4_linear_5.kd,96,0.05908399999999999
fixed,target_body,Layer input residual/normalization,"void stock_m1_gemma_norm<true, 5120, 512>(unsigned short const*, unsigned short const*, unsigned short const*, unsigned short*, unsigned short*, long, long, float, float*) [clone .kd]",378,0.3570785
fixed,target_body,MLP SiLU and gating,triton_poi_fused_mul_mxfp4_linear_silu_slice_0.kd,288,0.13366566666666643
fixed,target_body,MLP SiLU and gating,triton_poi_fused_mul_mxfp4_linear_silu_slice_1.kd,96,0.045237499999999965
old,target_body,MLP SiLU and gating,triton_poi_fused_mul_mxfp4_linear_silu_slice_2.kd,96,0.03775733333333332
old,target_body,MLP SiLU and gating,triton_poi_fused_mul_mxfp4_linear_silu_slice_3.kd,192,0.07199466666666669
old,target_body,MLP SiLU and gating,triton_poi_fused_mul_mxfp4_linear_silu_slice_4.kd,96,0.038050833333333346
old,target_body,MLP down input FP8 quantization,"void vllm::dynamic_per_token_scaled_fp8_quant_kernel_strided<c10::BFloat16, c10::Float8_e4m3fn>(c10::Float8_e4m3fn*, float*, c10::BFloat16 const*, float const*, int, long, long) [clone .kd]",384,0.712898833333333
fixed,target_body,MLP down input FP8 quantization,"void vllm::dynamic_per_token_scaled_fp8_quant_kernel_strided<c10::BFloat16, c10::Float8_e4m3fn>(c10::Float8_e4m3fn*, float*, c10::BFloat16 const*, float const*, int, long, long) [clone .kd]",384,0.29803733333333343
old,target_body,MLP down projection,"void radiance_mxfp4_fp8_gemm_decode<8, 128, 4, 1, true, true, true>(unsigned char const*, unsigned char const*, unsigned char const*, unsigned char const*, float const*, float*, int*, std::bfloat16_t*, int, int, int) [clone .kd]",384,5.173659333333334
fixed,target_body,MLP down projection,"void radiance_mxfp4_fp8_gemm_decode<8, 128, 4, 1, true, true, true>(unsigned char const*, unsigned char const*, unsigned char const*, unsigned char const*, float const*, float*, int*, std::bfloat16_t*, int, int, int) [clone .kd]",384,5.147158499999999
old,target_body,MLP gate/up input FP8 quantization,"void vllm::dynamic_per_token_scaled_fp8_quant_kernel_strided<c10::BFloat16, c10::Float8_e4m3fn>(c10::Float8_e4m3fn*, float*, c10::BFloat16 const*, float const*, int, long, long) [clone .kd]",384,0.6484250000000008
fixed,target_body,MLP gate/up input FP8 quantization,"void vllm::dynamic_per_token_scaled_fp8_quant_kernel_strided<c10::BFloat16, c10::Float8_e4m3fn>(c10::Float8_e4m3fn*, float*, c10::BFloat16 const*, float const*, int, long, long) [clone .kd]",384,0.16776366666666664
old,target_body,MLP gate/up projection,"void radiance_mxfp4_fp8_gemm_folded<2, true, true>(unsigned char const*, unsigned char const*, unsigned char const*, unsigned char const*, float const*, std::bfloat16_t*, int, int, int) [clone .kd]",384,24.336265000000004
fixed,target_body,MLP gate/up projection,"void radiance_mxfp4_fp8_gemm_folded<2, true, true>(unsigned char const*, unsigned char const*, unsigned char const*, unsigned char const*, float const*, std::bfloat16_t*, int, int, int) [clone .kd]",384,25.500467999999998
old,target_body,Post-attention/GDN residual/normalization,triton_red_fused__to_copy_add_fused_add_rms_norm_mxfp4_linear_1.kd,96,0.04675099999999999
old,target_body,Post-attention/GDN residual/normalization,triton_red_fused__to_copy_add_fused_add_rms_norm_mxfp4_linear_2.kd,192,0.06944850000000002
old,target_body,Post-attention/GDN residual/normalization,triton_red_fused__to_copy_add_fused_add_rms_norm_mxfp4_linear_3.kd,96,0.04453083333333333
fixed,target_body,Post-attention/GDN residual/normalization,"void stock_m1_gemma_norm<true, 5120, 512>(unsigned short const*, unsigned short const*, unsigned short const*, unsigned short*, unsigned short*, long, long, float, float*) [clone .kd]",384,0.35306416666666646
fixed,target_vocabulary_head,Full BF16 target head,"(anonymous namespace)::stock_m1_head_pair(__hip_bfloat16 const*, __hip_bfloat16 const*, __hip_bfloat16*) [clone .kd]",6,4.134202999999999
old,target_vocabulary_head,Full BF16 target head,Cijk_Alik_Bljk_BBS_BH_Bias_HA_S_SAV_UserArgs_MT16x32x256_MI16x16x1_SN_LDSB0_AFC1_AG0_AGGSUA0_AGNTAB0_AFEM1_AFEM1_ASEM1_CD1_1_CLR1_CLS0_CADS0_DTLA0_DTLB0_DTLM0_DTVA0_DTVB1_DTVMXSA0_DTVMXSB0_DTVSM0_DPLB0_EPS1_ELFLR0_EMLLn1_FDSI0_GRPM1_GRVWA8_GRVWB8_GSUAMB_GLS0_HPLR0_ISA1201_ICIW0_IU1_K1_LDSTI0_LBSPPA512_LBSPPB0_LBSPPMXSA0_LBSPPMXSB0_LBSPPM0_LPA16_LPB0_LPMXSA0_LPMXSB0_LPM0_LRVW8_LWPMn1_MIAV1_MIWT1_1_MXLIBL_MXSFNS_MO40_MGRIPM1_NTn1_NTA0_NTB0_NTC0_NTD0_NTE0_NTMXSA0_NTMXSB0_NTM0_NTWS0_NVn1_NVA0_NVB0_NVC0_NVD0_NVE0_NVMXSA0_NVMXSB0_NVM0_NVWS0_NEPBS0_NLCA1_NLCB16_ONLL0_PAP0_PGL0_PGR1_PLR1_PKA0_SGROB0_SIA3_SS1_SPO0_SRVW0_SSO0_SVW1_SK0_SKFTR0_SKFDPO0_SKXCCM0_SNLL0_SIP1_SGRO0_TDMI0_TDMIM0_TDMS0_TIN0_THn1_THA0_THB0_THC0_THD0_THE0_THMXSA0_THMXSB0_THM0_THWS0_TLDS1_TLDSM1_ULSGRO0_USL1_USLMX0_UIOFGRO0_UPLRP0_USFGROn1_USI0_VSn1_VWA1_VWB1_WSGRA0_WSGRB0_WS32_WG16_4_1.kd,6,4.101219499999999
old,unattributed,Other GPU bookkeeping,__amd_rocclr_copyBuffer.kd,172,0.11189816666666672
fixed,unattributed,Other GPU bookkeeping,__amd_rocclr_copyBuffer.kd,172,0.0750115
old,unattributed,Other GPU bookkeeping,__amd_rocclr_fillBufferAligned.kd,6,0.014905666666666668
fixed,unattributed,Other GPU bookkeeping,__amd_rocclr_fillBufferAligned.kd,6,0.002519
old,unattributed,Other GPU bookkeeping,_combine_sampled_and_draft_tokens_kernel.kd,7,0.0034588333333333337
fixed,unattributed,Other GPU bookkeeping,_combine_sampled_and_draft_tokens_kernel.kd,7,0.0034388333333333337
old,unattributed,Other GPU bookkeeping,_compute_local_logits_stats_kernel.kd,6,0.02883233333333333
fixed,unattributed,Other GPU bookkeeping,_compute_local_logits_stats_kernel.kd,6,0.0289125
old,unattributed,Other GPU bookkeeping,_compute_slot_mappings_kernel.kd,7,0.0033588333333333335
fixed,unattributed,Other GPU bookkeeping,_compute_slot_mappings_kernel.kd,7,0.0034388333333333332
old,unattributed,Other GPU bookkeeping,_expand_idx_mapping_kernel.kd,7,0.0021188333333333332
fixed,unattributed,Other GPU bookkeeping,_expand_idx_mapping_kernel.kd,7,0.0021921666666666665
old,unattributed,Other GPU bookkeeping,_gather_block_tables_kernel.kd,7,0.0057121666666666675
fixed,unattributed,Other GPU bookkeeping,_gather_block_tables_kernel.kd,7,0.0055855
old,unattributed,Other GPU bookkeeping,_get_num_sampled_and_rejected_kernel.kd,6,0.014839
fixed,unattributed,Other GPU bookkeeping,_get_num_sampled_and_rejected_kernel.kd,6,0.002699
old,unattributed,Other GPU bookkeeping,_insert_resampled_kernel.kd,6,0.0034523333333333333
fixed,unattributed,Other GPU bookkeeping,_insert_resampled_kernel.kd,6,0.0034123333333333336
old,unattributed,Other GPU bookkeeping,_post_update_kernel.kd,6,0.014692499999999999
fixed,unattributed,Other GPU bookkeeping,_post_update_kernel.kd,6,0.005839
old,unattributed,Other GPU bookkeeping,_prepare_pos_seq_lens_kernel.kd,7,0.0023855000000000005
fixed,unattributed,Other GPU bookkeeping,_prepare_pos_seq_lens_kernel.kd,7,0.0024855000000000003
old,unattributed,Other GPU bookkeeping,_prepare_rope_positions_kernel.kd,7,0.0032521666666666667
fixed,unattributed,Other GPU bookkeeping,_prepare_rope_positions_kernel.kd,7,0.0034321666666666667
old,unattributed,Other GPU bookkeeping,_rejection_kernel.kd,6,0.019245666666666668
fixed,unattributed,Other GPU bookkeeping,_rejection_kernel.kd,6,0.008532333333333333
old,unattributed,Other GPU bookkeeping,_resample_kernel.kd,6,0.019092333333333333
fixed,unattributed,Other GPU bookkeeping,_resample_kernel.kd,6,0.015265833333333333
old,unattributed,Other GPU bookkeeping,_scatter_num_accepted_kernel.kd,6,0.014585833333333333
fixed,unattributed,Other GPU bookkeeping,_scatter_num_accepted_kernel.kd,6,0.0020523333333333335
old,unattributed,Other GPU bookkeeping,postprocess_mamba_fused_kernel.kd,6,0.01653916666666667
fixed,unattributed,Other GPU bookkeeping,postprocess_mamba_fused_kernel.kd,6,0.0025656666666666666
old,unattributed,Other GPU bookkeeping,precopy_mamba_align_fused_kernel.kd,7,0.0030988333333333336
fixed,unattributed,Other GPU bookkeeping,precopy_mamba_align_fused_kernel.kd,7,0.002992166666666667
old,unattributed,Other GPU bookkeeping,preprocess_mamba_align_fused_kernel.kd,7,0.0030854999999999997
fixed,unattributed,Other GPU bookkeeping,preprocess_mamba_align_fused_kernel.kd,7,0.002972166666666667
old,unattributed,Other GPU bookkeeping,"void (anonymous namespace)::elementwise_kernel_with_index<int, at::native::arange_cuda_out(c10::Scalar const&, c10::Scalar const&, c10::Scalar const&, at::Tensor&)::{lambda()#1}::operator()() const::{lambda()#3}::operator()() const::{lambda(long)#1}>(int, at::native::arange_cuda_out(c10::Scalar const&, c10::Scalar const&, c10::Scalar const&, at::Tensor&)::{lambda()#1}::operator()() const::{lambda()#3}::operator()() const::{lambda(long)#1}, function_traits<at::native::arange_cuda_out(c10::Scalar const&, c10::Scalar const&, c10::Scalar const&, at::Tensor&)::{lambda()#1}::operator()() const::{lambda()#3}::operator()() const::{lambda(long)#1}>::result_type*) [clone .kd]",42,0.012739666666666667
fixed,unattributed,Other GPU bookkeeping,"void (anonymous namespace)::elementwise_kernel_with_index<int, at::native::arange_cuda_out(c10::Scalar const&, c10::Scalar const&, c10::Scalar const&, at::Tensor&)::{lambda()#1}::operator()() const::{lambda()#3}::operator()() const::{lambda(long)#1}>(int, at::native::arange_cuda_out(c10::Scalar const&, c10::Scalar const&, c10::Scalar const&, at::Tensor&)::{lambda()#1}::operator()() const::{lambda()#3}::operator()() const::{lambda(long)#1}, function_traits<at::native::arange_cuda_out(c10::Scalar const&, c10::Scalar const&, c10::Scalar const&, at::Tensor&)::{lambda()#1}::operator()() const::{lambda()#3}::operator()() const::{lambda(long)#1}>::result_type*) [clone .kd]",42,0.010306333333333334
old,unattributed,Other GPU bookkeeping,"void (anonymous namespace)::softmax_warp_forward<float, float, float, 6, false, false, 32>(float*, float const*, int, int, int, bool const*, int, bool) [clone .kd]",6,0.014785666666666666
fixed,unattributed,Other GPU bookkeeping,"void (anonymous namespace)::softmax_warp_forward<float, float, float, 6, false, false, 32>(float*, float const*, int, int, int, bool const*, int, bool) [clone .kd]",6,0.0023923333333333336
old,unattributed,Other GPU bookkeeping,"void at::native::_scatter_gather_elementwise_kernel<256, 4, at::native::_cuda_scatter_gather_internal_kernel<false, at::native::OpaqueType<4>, long>::operator()<at::native::TensorAssign>(at::TensorIterator&, long, long, long, at::native::TensorAssign const&)::{lambda(int)#1}>(int, at::native::_cuda_scatter_gather_internal_kernel<false, at::native::OpaqueType<4>, long>::operator()<at::native::TensorAssign>(at::TensorIterator&, long, long, long, at::native::TensorAssign const&)::{lambda(int)#1}) [clone .kd]",48,0.023805499999999986
fixed,unattributed,Other GPU bookkeeping,"void at::native::_scatter_gather_elementwise_kernel<256, 4, at::native::_cuda_scatter_gather_internal_kernel<false, at::native::OpaqueType<4>, long>::operator()<at::native::TensorAssign>(at::TensorIterator&, long, long, long, at::native::TensorAssign const&)::{lambda(int)#1}>(int, at::native::_cuda_scatter_gather_internal_kernel<false, at::native::OpaqueType<4>, long>::operator()<at::native::TensorAssign>(at::TensorIterator&, long, long, long, at::native::TensorAssign const&)::{lambda(int)#1}) [clone .kd]",48,0.015465499999999998
old,unattributed,Other GPU bookkeeping,"void at::native::_scatter_gather_elementwise_kernel<256, 4, at::native::_cuda_scatter_gather_internal_kernel<true, at::native::OpaqueType<4>, long>::operator()<at::native::TensorAssign>(at::TensorIterator&, long, long, long, at::native::TensorAssign const&)::{lambda(int)#1}>(int, at::native::_cuda_scatter_gather_internal_kernel<true, at::native::OpaqueType<4>, long>::operator()<at::native::TensorAssign>(at::TensorIterator&, long, long, long, at::native::TensorAssign const&)::{lambda(int)#1}) [clone .kd]",6,0.014932333333333334
fixed,unattributed,Other GPU bookkeeping,"void at::native::_scatter_gather_elementwise_kernel<256, 4, at::native::_cuda_scatter_gather_internal_kernel<true, at::native::OpaqueType<4>, long>::operator()<at::native::TensorAssign>(at::TensorIterator&, long, long, long, at::native::TensorAssign const&)::{lambda(int)#1}>(int, at::native::_cuda_scatter_gather_internal_kernel<true, at::native::OpaqueType<4>, long>::operator()<at::native::TensorAssign>(at::TensorIterator&, long, long, long, at::native::TensorAssign const&)::{lambda(int)#1}) [clone .kd]",6,0.003005666666666667
old,unattributed,Other GPU bookkeeping,"void at::native::elementwise_kernel_manual_unroll<128, 4, at::native::gpu_kernel_impl<at::native::direct_copy_kernel_cuda(at::TensorIteratorBase&)::{lambda()#3}::operator()() const::{lambda()#4}::operator()() const::{lambda(long)#1}>(at::TensorIteratorBase&, at::native::direct_copy_kernel_cuda(at::TensorIteratorBase&)::{lambda()#3}::operator()() const::{lambda()#4}::operator()() const::{lambda(long)#1} const&)::{lambda(int, bool)#1}>(int, at::native::gpu_kernel_impl<at::native::direct_copy_kernel_cuda(at::TensorIteratorBase&)::{lambda()#3}::operator()() const::{lambda()#4}::operator()() const::{lambda(long)#1}>(at::TensorIteratorBase&, at::native::direct_copy_kernel_cuda(at::TensorIteratorBase&)::{lambda()#3}::operator()() const::{lambda()#4}::operator()() const::{lambda(long)#1} const&)::{lambda(int, bool)#1}) [clone .kd]",48,0.027098833333333322
fixed,unattributed,Other GPU bookkeeping,"void at::native::elementwise_kernel_manual_unroll<128, 4, at::native::gpu_kernel_impl<at::native::direct_copy_kernel_cuda(at::TensorIteratorBase&)::{lambda()#3}::operator()() const::{lambda()#4}::operator()() const::{lambda(long)#1}>(at::TensorIteratorBase&, at::native::direct_copy_kernel_cuda(at::TensorIteratorBase&)::{lambda()#3}::operator()() const::{lambda()#4}::operator()() const::{lambda(long)#1} const&)::{lambda(int, bool)#1}>(int, at::native::gpu_kernel_impl<at::native::direct_copy_kernel_cuda(at::TensorIteratorBase&)::{lambda()#3}::operator()() const::{lambda()#4}::operator()() const::{lambda(long)#1}>(at::TensorIteratorBase&, at::native::direct_copy_kernel_cuda(at::TensorIteratorBase&)::{lambda()#3}::operator()() const::{lambda()#4}::operator()() const::{lambda(long)#1} const&)::{lambda(int, bool)#1}) [clone .kd]",48,0.01661200000000001
old,unattributed,Other GPU bookkeeping,"void at::native::elementwise_kernel_manual_unroll<128, 4, at::native::gpu_kernel_impl_nocast<at::native::CUDAFunctor_add<int> >(at::TensorIteratorBase&, at::native::CUDAFunctor_add<int> const&)::{lambda(int, bool)#1}>(int, at::native::gpu_kernel_impl_nocast<at::native::CUDAFunctor_add<int> >(at::TensorIteratorBase&, at::native::CUDAFunctor_add<int> const&)::{lambda(int, bool)#1}) [clone .kd]",42,0.018739666666666672
fixed,unattributed,Other GPU bookkeeping,"void at::native::elementwise_kernel_manual_unroll<128, 4, at::native::gpu_kernel_impl_nocast<at::native::CUDAFunctor_add<int> >(at::TensorIteratorBase&, at::native::CUDAFunctor_add<int> const&)::{lambda(int, bool)#1}>(int, at::native::gpu_kernel_impl_nocast<at::native::CUDAFunctor_add<int> >(at::TensorIteratorBase&, at::native::CUDAFunctor_add<int> const&)::{lambda(int, bool)#1}) [clone .kd]",42,0.016833000000000004
old,unattributed,Other GPU bookkeeping,"void at::native::elementwise_kernel_manual_unroll<128, 8, at::native::gpu_kernel_impl_nocast<at::native::(anonymous namespace)::CompareFunctor<float> >(at::TensorIteratorBase&, at::native::(anonymous namespace)::CompareFunctor<float> const&)::{lambda(int, bool)#1}>(int, at::native::gpu_kernel_impl_nocast<at::native::(anonymous namespace)::CompareFunctor<float> >(at::TensorIteratorBase&, at::native::(anonymous namespace)::CompareFunctor<float> const&)::{lambda(int, bool)#1}) [clone .kd]",18,0.03137733333333334
fixed,unattributed,Other GPU bookkeeping,"void at::native::elementwise_kernel_manual_unroll<128, 8, at::native::gpu_kernel_impl_nocast<at::native::(anonymous namespace)::CompareFunctor<float> >(at::TensorIteratorBase&, at::native::(anonymous namespace)::CompareFunctor<float> const&)::{lambda(int, bool)#1}>(int, at::native::gpu_kernel_impl_nocast<at::native::(anonymous namespace)::CompareFunctor<float> >(at::TensorIteratorBase&, at::native::(anonymous namespace)::CompareFunctor<float> const&)::{lambda(int, bool)#1}) [clone .kd]",18,0.019243666666666666
old,unattributed,Other GPU bookkeeping,"void at::native::index_elementwise_kernel<128, 4, at::native::gpu_index_kernel<at::native::index_kernel_impl<at::native::OpaqueType<4> >(at::TensorIteratorBase&, c10::ArrayRef<long>, c10::ArrayRef<long>)::{lambda(char*, char const*, long)#1}>(at::TensorIteratorBase&, c10::ArrayRef<long>, c10::ArrayRef<long>, at::native::index_kernel_impl<at::native::OpaqueType<4> >(at::TensorIteratorBase&, c10::ArrayRef<long>, c10::ArrayRef<long>)::{lambda(char*, char const*, long)#1} const&, bool)::{lambda(int)#1}>(long, at::native::gpu_index_kernel<at::native::index_kernel_impl<at::native::OpaqueType<4> >(at::TensorIteratorBase&, c10::ArrayRef<long>, c10::ArrayRef<long>)::{lambda(char*, char const*, long)#1}>(at::TensorIteratorBase&, c10::ArrayRef<long>, c10::ArrayRef<long>, at::native::index_kernel_impl<at::native::OpaqueType<4> >(at::TensorIteratorBase&, c10::ArrayRef<long>, c10::ArrayRef<long>)::{lambda(char*, char const*, long)#1} const&, bool)::{lambda(int)#1}) [clone .kd]",109,0.06469566666666667
fixed,unattributed,Other GPU bookkeeping,"void at::native::index_elementwise_kernel<128, 4, at::native::gpu_index_kernel<at::native::index_kernel_impl<at::native::OpaqueType<4> >(at::TensorIteratorBase&, c10::ArrayRef<long>, c10::ArrayRef<long>)::{lambda(char*, char const*, long)#1}>(at::TensorIteratorBase&, c10::ArrayRef<long>, c10::ArrayRef<long>, at::native::index_kernel_impl<at::native::OpaqueType<4> >(at::TensorIteratorBase&, c10::ArrayRef<long>, c10::ArrayRef<long>)::{lambda(char*, char const*, long)#1} const&, bool)::{lambda(int)#1}>(long, at::native::gpu_index_kernel<at::native::index_kernel_impl<at::native::OpaqueType<4> >(at::TensorIteratorBase&, c10::ArrayRef<long>, c10::ArrayRef<long>)::{lambda(char*, char const*, long)#1}>(at::TensorIteratorBase&, c10::ArrayRef<long>, c10::ArrayRef<long>, at::native::index_kernel_impl<at::native::OpaqueType<4> >(at::TensorIteratorBase&, c10::ArrayRef<long>, c10::ArrayRef<long>)::{lambda(char*, char const*, long)#1} const&, bool)::{lambda(int)#1}) [clone .kd]",109,0.054935333333333336
old,unattributed,Other GPU bookkeeping,"void at::native::index_elementwise_kernel<128, 4, at::native::gpu_index_kernel<at::native::index_kernel_impl<at::native::OpaqueType<8> >(at::TensorIteratorBase&, c10::ArrayRef<long>, c10::ArrayRef<long>)::{lambda(char*, char const*, long)#1}>(at::TensorIteratorBase&, c10::ArrayRef<long>, c10::ArrayRef<long>, at::native::index_kernel_impl<at::native::OpaqueType<8> >(at::TensorIteratorBase&, c10::ArrayRef<long>, c10::ArrayRef<long>)::{lambda(char*, char const*, long)#1} const&, bool)::{lambda(int)#1}>(long, at::native::gpu_index_kernel<at::native::index_kernel_impl<at::native::OpaqueType<8> >(at::TensorIteratorBase&, c10::ArrayRef<long>, c10::ArrayRef<long>)::{lambda(char*, char const*, long)#1}>(at::TensorIteratorBase&, c10::ArrayRef<long>, c10::ArrayRef<long>, at::native::index_kernel_impl<at::native::OpaqueType<8> >(at::TensorIteratorBase&, c10::ArrayRef<long>, c10::ArrayRef<long>)::{lambda(char*, char const*, long)#1} const&, bool)::{lambda(int)#1}) [clone .kd]",12,0.017904666666666666
fixed,unattributed,Other GPU bookkeeping,"void at::native::index_elementwise_kernel<128, 4, at::native::gpu_index_kernel<at::native::index_kernel_impl<at::native::OpaqueType<8> >(at::TensorIteratorBase&, c10::ArrayRef<long>, c10::ArrayRef<long>)::{lambda(char*, char const*, long)#1}>(at::TensorIteratorBase&, c10::ArrayRef<long>, c10::ArrayRef<long>, at::native::index_kernel_impl<at::native::OpaqueType<8> >(at::TensorIteratorBase&, c10::ArrayRef<long>, c10::ArrayRef<long>)::{lambda(char*, char const*, long)#1} const&, bool)::{lambda(int)#1}>(long, at::native::gpu_index_kernel<at::native::index_kernel_impl<at::native::OpaqueType<8> >(at::TensorIteratorBase&, c10::ArrayRef<long>, c10::ArrayRef<long>)::{lambda(char*, char const*, long)#1}>(at::TensorIteratorBase&, c10::ArrayRef<long>, c10::ArrayRef<long>, at::native::index_kernel_impl<at::native::OpaqueType<8> >(at::TensorIteratorBase&, c10::ArrayRef<long>, c10::ArrayRef<long>)::{lambda(char*, char const*, long)#1} const&, bool)::{lambda(int)#1}) [clone .kd]",12,0.005858
old,unattributed,Other GPU bookkeeping,"void at::native::index_elementwise_kernel<128, 4, at::native::gpu_index_kernel<at::native::index_put_kernel_impl<at::native::OpaqueType<8> >(at::TensorIterator&, c10::ArrayRef<long>, c10::ArrayRef<long>)::{lambda(char*, char const*, long)#1}>(at::TensorIteratorBase&, c10::ArrayRef<long>, c10::ArrayRef<long>, at::native::index_put_kernel_impl<at::native::OpaqueType<8> >(at::TensorIterator&, c10::ArrayRef<long>, c10::ArrayRef<long>)::{lambda(char*, char const*, long)#1} const&, bool)::{lambda(int)#1}>(long, at::native::gpu_index_kernel<at::native::index_put_kernel_impl<at::native::OpaqueType<8> >(at::TensorIterator&, c10::ArrayRef<long>, c10::ArrayRef<long>)::{lambda(char*, char const*, long)#1}>(at::TensorIteratorBase&, c10::ArrayRef<long>, c10::ArrayRef<long>, at::native::index_put_kernel_impl<at::native::OpaqueType<8> >(at::TensorIterator&, c10::ArrayRef<long>, c10::ArrayRef<long>)::{lambda(char*, char const*, long)#1} const&, bool)::{lambda(int)#1}) [clone .kd]",6,0.0029790000000000003
fixed,unattributed,Other GPU bookkeeping,"void at::native::index_elementwise_kernel<128, 4, at::native::gpu_index_kernel<at::native::index_put_kernel_impl<at::native::OpaqueType<8> >(at::TensorIterator&, c10::ArrayRef<long>, c10::ArrayRef<long>)::{lambda(char*, char const*, long)#1}>(at::TensorIteratorBase&, c10::ArrayRef<long>, c10::ArrayRef<long>, at::native::index_put_kernel_impl<at::native::OpaqueType<8> >(at::TensorIterator&, c10::ArrayRef<long>, c10::ArrayRef<long>)::{lambda(char*, char const*, long)#1} const&, bool)::{lambda(int)#1}>(long, at::native::gpu_index_kernel<at::native::index_put_kernel_impl<at::native::OpaqueType<8> >(at::TensorIterator&, c10::ArrayRef<long>, c10::ArrayRef<long>)::{lambda(char*, char const*, long)#1}>(at::TensorIteratorBase&, c10::ArrayRef<long>, c10::ArrayRef<long>, at::native::index_put_kernel_impl<at::native::OpaqueType<8> >(at::TensorIterator&, c10::ArrayRef<long>, c10::ArrayRef<long>)::{lambda(char*, char const*, long)#1} const&, bool)::{lambda(int)#1}) [clone .kd]",6,0.002985666666666667
old,unattributed,Other GPU bookkeeping,"void at::native::mbtopk::computeBlockDigitCounts<float, unsigned int, unsigned int, 2>(at::cuda::detail::TensorInfo<float const, unsigned int>, unsigned int, unsigned int*, unsigned int, unsigned int, int, int, unsigned int, unsigned int, unsigned int*, short*) [clone .kd]",24,0.08366933333333333
fixed,unattributed,Other GPU bookkeeping,"void at::native::mbtopk::computeBlockDigitCounts<float, unsigned int, unsigned int, 2>(at::cuda::detail::TensorInfo<float const, unsigned int>, unsigned int, unsigned int*, unsigned int, unsigned int, int, int, unsigned int, unsigned int, unsigned int*, short*) [clone .kd]",24,0.04902316666666666
old,unattributed,Other GPU bookkeeping,"void at::native::mbtopk::computeBlockwiseWithinKCounts<unsigned int, float>(unsigned int*, short*, unsigned int*, unsigned int, int, bool, unsigned int*, float*, unsigned int*, unsigned int*, unsigned int*, unsigned int) [clone .kd]",24,0.079943
fixed,unattributed,Other GPU bookkeeping,"void at::native::mbtopk::computeBlockwiseWithinKCounts<unsigned int, float>(unsigned int*, short*, unsigned int*, unsigned int, int, bool, unsigned int*, float*, unsigned int*, unsigned int*, unsigned int*, unsigned int) [clone .kd]",24,0.038195999999999994
old,unattributed,Other GPU bookkeeping,"void at::native::mbtopk::fill<unsigned int, unsigned int>(unsigned int*, unsigned int, unsigned int) [clone .kd]",6,0.0018456666666666667
fixed,unattributed,Other GPU bookkeeping,"void at::native::mbtopk::fill<unsigned int, unsigned int>(unsigned int*, unsigned int, unsigned int) [clone .kd]",6,0.0015923333333333332
old,unattributed,Other GPU bookkeeping,"void at::native::mbtopk::gatherTopK<float, unsigned int, 2>(at::cuda::detail::TensorInfo<float const, unsigned int>, unsigned int, unsigned int, bool, unsigned int, unsigned int, at::cuda::detail::TensorInfo<float, unsigned int>, unsigned int, at::cuda::detail::TensorInfo<long, unsigned int>, unsigned int, unsigned int, unsigned int, float*, unsigned int*, unsigned int*, unsigned int) [clone .kd]",6,0.034859
fixed,unattributed,Other GPU bookkeeping,"void at::native::mbtopk::gatherTopK<float, unsigned int, 2>(at::cuda::detail::TensorInfo<float const, unsigned int>, unsigned int, unsigned int, bool, unsigned int, unsigned int, at::cuda::detail::TensorInfo<float, unsigned int>, unsigned int, at::cuda::detail::TensorInfo<long, unsigned int>, unsigned int, unsigned int, unsigned int, float*, unsigned int*, unsigned int*, unsigned int) [clone .kd]",6,0.027032666666666663
old,unattributed,Other GPU bookkeeping,"void at::native::tensor_kernel_scan_innermost_dim<float, std::plus<float> >(float*, float const*, unsigned int, unsigned int, unsigned int, float, std::plus<float>) [clone .kd]",6,0.0025923333333333336
fixed,unattributed,Other GPU bookkeeping,"void at::native::tensor_kernel_scan_innermost_dim<float, std::plus<float> >(float*, float const*, unsigned int, unsigned int, unsigned int, float, std::plus<float>) [clone .kd]",6,0.0026323333333333333
old,unattributed,Other GPU bookkeeping,"void at::native::unrolled_elementwise_kernel<at::native::CUDAFunctor_add<int>, std::array<char*, 3ul>, 4, TrivialOffsetCalculator<2, unsigned int>, TrivialOffsetCalculator<1, unsigned int>, at::native::memory::LoadWithoutCast, at::native::memory::StoreWithoutCast>(int, at::native::CUDAFunctor_add<int>, std::array<char*, 3ul>, TrivialOffsetCalculator<2, unsigned int>, TrivialOffsetCalculator<1, unsigned int>, at::native::memory::LoadWithoutCast, at::native::memory::StoreWithoutCast) [clone .kd]",42,0.012040000000000002
fixed,unattributed,Other GPU bookkeeping,"void at::native::unrolled_elementwise_kernel<at::native::CUDAFunctor_add<int>, std::array<char*, 3ul>, 4, TrivialOffsetCalculator<2, unsigned int>, TrivialOffsetCalculator<1, unsigned int>, at::native::memory::LoadWithoutCast, at::native::memory::StoreWithoutCast>(int, at::native::CUDAFunctor_add<int>, std::array<char*, 3ul>, TrivialOffsetCalculator<2, unsigned int>, TrivialOffsetCalculator<1, unsigned int>, at::native::memory::LoadWithoutCast, at::native::memory::StoreWithoutCast) [clone .kd]",42,0.012033166666666666
old,unattributed,Other GPU bookkeeping,"void at::native::vectorized_elementwise_kernel<16, at::native::BinaryFunctor<bool, bool, bool, at::native::BitwiseOrFunctor<bool> >, std::array<char*, 3ul> >(int, at::native::BinaryFunctor<bool, bool, bool, at::native::BitwiseOrFunctor<bool> >, std::array<char*, 3ul>) [clone .kd]",6,0.0027990000000000003
fixed,unattributed,Other GPU bookkeeping,"void at::native::vectorized_elementwise_kernel<16, at::native::BinaryFunctor<bool, bool, bool, at::native::BitwiseOrFunctor<bool> >, std::array<char*, 3ul> >(int, at::native::BinaryFunctor<bool, bool, bool, at::native::BitwiseOrFunctor<bool> >, std::array<char*, 3ul>) [clone .kd]",6,0.002859
old,unattributed,Other GPU bookkeeping,"void at::native::vectorized_elementwise_kernel<16, at::native::FillFunctor<bool>, std::array<char*, 1ul> >(int, at::native::FillFunctor<bool>, std::array<char*, 1ul>) [clone .kd]",7,0.002052166666666667
fixed,unattributed,Other GPU bookkeeping,"void at::native::vectorized_elementwise_kernel<16, at::native::FillFunctor<bool>, std::array<char*, 1ul> >(int, at::native::FillFunctor<bool>, std::array<char*, 1ul>) [clone .kd]",7,0.0023188333333333333
old,unattributed,Other GPU bookkeeping,"void at::native::vectorized_elementwise_kernel<16, at::native::bitwise_not_kernel_cuda(at::TensorIteratorBase&)::{lambda(bool)#1}, std::array<char*, 2ul> >(int, at::native::bitwise_not_kernel_cuda(at::TensorIteratorBase&)::{lambda(bool)#1}, std::array<char*, 2ul>) [clone .kd]",6,0.014859
fixed,unattributed,Other GPU bookkeeping,"void at::native::vectorized_elementwise_kernel<16, at::native::bitwise_not_kernel_cuda(at::TensorIteratorBase&)::{lambda(bool)#1}, std::array<char*, 2ul> >(int, at::native::bitwise_not_kernel_cuda(at::TensorIteratorBase&)::{lambda(bool)#1}, std::array<char*, 2ul>) [clone .kd]",6,0.002439
old,unattributed,Other GPU bookkeeping,"void at::native::vectorized_elementwise_kernel<4, at::native::(anonymous namespace)::launch_clamp_scalar(at::TensorIteratorBase&, c10::Scalar, c10::Scalar, at::native::detail::ClampLimits)::{lambda()#1}::operator()() const::{lambda()#3}::operator()() const::{lambda(int)#1}, std::array<char*, 2ul> >(int, at::native::(anonymous namespace)::launch_clamp_scalar(at::TensorIteratorBase&, c10::Scalar, c10::Scalar, at::native::detail::ClampLimits)::{lambda()#1}::operator()() const::{lambda()#3}::operator()() const::{lambda(int)#1}, std::array<char*, 2ul>) [clone .kd]",42,0.012026333333333333
fixed,unattributed,Other GPU bookkeeping,"void at::native::vectorized_elementwise_kernel<4, at::native::(anonymous namespace)::launch_clamp_scalar(at::TensorIteratorBase&, c10::Scalar, c10::Scalar, at::native::detail::ClampLimits)::{lambda()#1}::operator()() const::{lambda()#3}::operator()() const::{lambda(int)#1}, std::array<char*, 2ul> >(int, at::native::(anonymous namespace)::launch_clamp_scalar(at::TensorIteratorBase&, c10::Scalar, c10::Scalar, at::native::detail::ClampLimits)::{lambda()#1}::operator()() const::{lambda()#3}::operator()() const::{lambda(int)#1}, std::array<char*, 2ul>) [clone .kd]",42,0.01399333333333333
old,unattributed,Other GPU bookkeeping,"void at::native::vectorized_elementwise_kernel<4, at::native::(anonymous namespace)::launch_clamp_scalar(at::TensorIteratorBase&, c10::Scalar, c10::Scalar, at::native::detail::ClampLimits)::{lambda()#1}::operator()() const::{lambda()#4}::operator()() const::{lambda(long)#1}, std::array<char*, 2ul> >(int, at::native::(anonymous namespace)::launch_clamp_scalar(at::TensorIteratorBase&, c10::Scalar, c10::Scalar, at::native::detail::ClampLimits)::{lambda()#1}::operator()() const::{lambda()#4}::operator()() const::{lambda(long)#1}, std::array<char*, 2ul>) [clone .kd]",6,0.010585666666666667
fixed,unattributed,Other GPU bookkeeping,"void at::native::vectorized_elementwise_kernel<4, at::native::(anonymous namespace)::launch_clamp_scalar(at::TensorIteratorBase&, c10::Scalar, c10::Scalar, at::native::detail::ClampLimits)::{lambda()#1}::operator()() const::{lambda()#4}::operator()() const::{lambda(long)#1}, std::array<char*, 2ul> >(int, at::native::(anonymous namespace)::launch_clamp_scalar(at::TensorIteratorBase&, c10::Scalar, c10::Scalar, at::native::detail::ClampLimits)::{lambda()#1}::operator()() const::{lambda()#4}::operator()() const::{lambda(long)#1}, std::array<char*, 2ul>) [clone .kd]",6,0.0019390000000000002
old,unattributed,Other GPU bookkeeping,"void at::native::vectorized_elementwise_kernel<4, at::native::(anonymous namespace)::masked_fill_kernel(at::TensorIterator&, c10::Scalar const&)::{lambda()#1}::operator()() const::{lambda()#7}::operator()() const::{lambda(float, bool)#1}, std::array<char*, 3ul> >(int, at::native::(anonymous namespace)::masked_fill_kernel(at::TensorIterator&, c10::Scalar const&)::{lambda()#1}::operator()() const::{lambda()#7}::operator()() const::{lambda(float, bool)#1}, std::array<char*, 3ul>) [clone .kd]",6,0.0232525
fixed,unattributed,Other GPU bookkeeping,"void at::native::vectorized_elementwise_kernel<4, at::native::(anonymous namespace)::masked_fill_kernel(at::TensorIterator&, c10::Scalar const&)::{lambda()#1}::operator()() const::{lambda()#7}::operator()() const::{lambda(float, bool)#1}, std::array<char*, 3ul> >(int, at::native::(anonymous namespace)::masked_fill_kernel(at::TensorIterator&, c10::Scalar const&)::{lambda()#1}::operator()() const::{lambda()#7}::operator()() const::{lambda(float, bool)#1}, std::array<char*, 3ul>) [clone .kd]",6,0.010085666666666668
old,unattributed,Other GPU bookkeeping,"void at::native::vectorized_elementwise_kernel<4, at::native::(anonymous namespace)::where_kernel_impl(at::TensorIterator&)::{lambda()#1}::operator()() const::{lambda()#11}::operator()() const::{lambda(bool, float, float)#1}, std::array<char*, 4ul> >(int, at::native::(anonymous namespace)::where_kernel_impl(at::TensorIterator&)::{lambda()#1}::operator()() const::{lambda()#11}::operator()() const::{lambda(bool, float, float)#1}, std::array<char*, 4ul>) [clone .kd]",12,0.004878
fixed,unattributed,Other GPU bookkeeping,"void at::native::vectorized_elementwise_kernel<4, at::native::(anonymous namespace)::where_kernel_impl(at::TensorIterator&)::{lambda()#1}::operator()() const::{lambda()#11}::operator()() const::{lambda(bool, float, float)#1}, std::array<char*, 4ul> >(int, at::native::(anonymous namespace)::where_kernel_impl(at::TensorIterator&)::{lambda()#1}::operator()() const::{lambda()#11}::operator()() const::{lambda(bool, float, float)#1}, std::array<char*, 4ul>) [clone .kd]",12,0.004644666666666666
old,unattributed,Other GPU bookkeeping,"void at::native::vectorized_elementwise_kernel<4, at::native::BUnaryFunctor<int, int, int, at::native::binary_internal::div_floor_kernel_cuda(at::TensorIteratorBase&)::{lambda()#1}::operator()() const::{lambda()#3}::operator()() const::{lambda(int, int)#1}>, std::array<char*, 2ul> >(int, at::native::BUnaryFunctor<int, int, int, at::native::binary_internal::div_floor_kernel_cuda(at::TensorIteratorBase&)::{lambda()#1}::operator()() const::{lambda()#3}::operator()() const::{lambda(int, int)#1}>, std::array<char*, 2ul>) [clone .kd]",42,0.016912999999999994
fixed,unattributed,Other GPU bookkeeping,"void at::native::vectorized_elementwise_kernel<4, at::native::BUnaryFunctor<int, int, int, at::native::binary_internal::div_floor_kernel_cuda(at::TensorIteratorBase&)::{lambda()#1}::operator()() const::{lambda()#3}::operator()() const::{lambda(int, int)#1}>, std::array<char*, 2ul> >(int, at::native::BUnaryFunctor<int, int, int, at::native::binary_internal::div_floor_kernel_cuda(at::TensorIteratorBase&)::{lambda()#1}::operator()() const::{lambda()#3}::operator()() const::{lambda(int, int)#1}>, std::array<char*, 2ul>) [clone .kd]",42,0.014972999999999997
old,unattributed,Other GPU bookkeeping,"void at::native::vectorized_elementwise_kernel<4, at::native::CUDAFunctorOnSelf_add<int>, std::array<char*, 2ul> >(int, at::native::CUDAFunctorOnSelf_add<int>, std::array<char*, 2ul>) [clone .kd]",48,0.015998666666666668
fixed,unattributed,Other GPU bookkeeping,"void at::native::vectorized_elementwise_kernel<4, at::native::CUDAFunctorOnSelf_add<int>, std::array<char*, 2ul> >(int, at::native::CUDAFunctorOnSelf_add<int>, std::array<char*, 2ul>) [clone .kd]",48,0.018245333333333332
old,unattributed,Other GPU bookkeeping,"void at::native::vectorized_elementwise_kernel<4, at::native::CUDAFunctorOnSelf_add<long>, std::array<char*, 2ul> >(int, at::native::CUDAFunctorOnSelf_add<long>, std::array<char*, 2ul>) [clone .kd]",6,0.006305666666666666
fixed,unattributed,Other GPU bookkeeping,"void at::native::vectorized_elementwise_kernel<4, at::native::CUDAFunctorOnSelf_add<long>, std::array<char*, 2ul> >(int, at::native::CUDAFunctorOnSelf_add<long>, std::array<char*, 2ul>) [clone .kd]",6,0.002019
old,unattributed,Other GPU bookkeeping,"void at::native::vectorized_elementwise_kernel<4, at::native::CUDAFunctor_add<float>, std::array<char*, 3ul> >(int, at::native::CUDAFunctor_add<float>, std::array<char*, 3ul>) [clone .kd]",6,0.014879
fixed,unattributed,Other GPU bookkeeping,"void at::native::vectorized_elementwise_kernel<4, at::native::CUDAFunctor_add<float>, std::array<char*, 3ul> >(int, at::native::CUDAFunctor_add<float>, std::array<char*, 3ul>) [clone .kd]",6,0.0019390000000000002
old,unattributed,Other GPU bookkeeping,"void at::native::vectorized_elementwise_kernel<4, at::native::FillFunctor<float>, std::array<char*, 1ul> >(int, at::native::FillFunctor<float>, std::array<char*, 1ul>) [clone .kd]",12,0.029717999999999998
fixed,unattributed,Other GPU bookkeeping,"void at::native::vectorized_elementwise_kernel<4, at::native::FillFunctor<float>, std::array<char*, 1ul> >(int, at::native::FillFunctor<float>, std::array<char*, 1ul>) [clone .kd]",12,0.0035646666666666665
old,unattributed,Other GPU bookkeeping,"void at::native::vectorized_elementwise_kernel<4, at::native::FillFunctor<int>, std::array<char*, 1ul> >(int, at::native::FillFunctor<int>, std::array<char*, 1ul>) [clone .kd]",7,0.0018855
fixed,unattributed,Other GPU bookkeeping,"void at::native::vectorized_elementwise_kernel<4, at::native::FillFunctor<int>, std::array<char*, 1ul> >(int, at::native::FillFunctor<int>, std::array<char*, 1ul>) [clone .kd]",7,0.0019521666666666667
old,unattributed,Other GPU bookkeeping,"void at::native::vectorized_elementwise_kernel<4, at::native::bfloat16tofloat32_copy_kernel_cuda(at::TensorIteratorBase&)::{lambda(c10::BFloat16)#1}, std::array<char*, 2ul> >(int, at::native::bfloat16tofloat32_copy_kernel_cuda(at::TensorIteratorBase&)::{lambda(c10::BFloat16)#1}, std::array<char*, 2ul>) [clone .kd]",6,0.0226725
fixed,unattributed,Other GPU bookkeeping,"void at::native::vectorized_elementwise_kernel<4, at::native::bfloat16tofloat32_copy_kernel_cuda(at::TensorIteratorBase&)::{lambda(c10::BFloat16)#1}, std::array<char*, 2ul> >(int, at::native::bfloat16tofloat32_copy_kernel_cuda(at::TensorIteratorBase&)::{lambda(c10::BFloat16)#1}, std::array<char*, 2ul>) [clone .kd]",6,0.009712333333333333
old,unattributed,Other GPU bookkeeping,"void at::native::vectorized_gather_kernel<16, long>(char*, char*, long*, int, long, long, long, long, bool) [clone .kd]",6,0.014478999999999999
fixed,unattributed,Other GPU bookkeeping,"void at::native::vectorized_gather_kernel<16, long>(char*, char*, long*, int, long, long, long, long, bool) [clone .kd]",6,0.002165666666666667
old,unattributed,Other GPU bookkeeping,"void at::native::warpMergeSortKVInPlace<2, -1, 128, 16, float, long, at::native::GTOp<float, true>, unsigned int, 32>(at::cuda::detail::TensorInfo<float, unsigned int>, unsigned int, unsigned int, unsigned int, at::cuda::detail::TensorInfo<long, unsigned int>, unsigned int, at::native::GTOp<float, true>, float) [clone .kd]",6,0.0127725
fixed,unattributed,Other GPU bookkeeping,"void at::native::warpMergeSortKVInPlace<2, -1, 128, 16, float, long, at::native::GTOp<float, true>, unsigned int, 32>(at::cuda::detail::TensorInfo<float, unsigned int>, unsigned int, unsigned int, unsigned int, at::cuda::detail::TensorInfo<long, unsigned int>, unsigned int, at::native::GTOp<float, true>, float) [clone .kd]",6,0.004985666666666666
